family,difficulty,answer,prompt_en,explanation_en,facts,image_a,image_b,accepted_count
transfer,medium,Anastasios Douvikas,One player made this move in 2024/25. Who?,Anastasios Douvikas joined Como from Celta de Vigo in 2024/25 for €14M.,"{""from"": ""Celta de Vigo"", ""to"": ""Como"", ""season"": ""24/25"", ""fee"": 14000000.0}",celta-de-vigo.webp,wl-como.png,4
transfer,easy,Jorginho,One player made this move in 2022/23. Who?,Jorginho joined Arsenal from Chelsea in 2022/23 for €11.3M.,"{""from"": ""Chelsea"", ""to"": ""Arsenal"", ""season"": ""22/23"", ""fee"": 11300000.0}",chelsea.webp,arsenal.webp,2
transfer,hard,Sebastian Szymanski,One player made this move in 2023/24. Who?,Sebastian Szymanski joined Fenerbahçe from Dynamo Moscow in 2023/24 for €10.7M.,"{""from"": ""Dynamo Moscow"", ""to"": ""Fenerbahçe"", ""season"": ""23/24"", ""fee"": 10700000.0}",wl-dynamo-moscow.png,wl-fenerbahce.png,4
transfer,medium,Krzysztof Piatek,One player made this move in 2025/26. Who?,Krzysztof Piatek joined Al-Duhail from Başakşehir in 2025/26 for €10M.,"{""from"": ""Basaksehir"", ""to"": ""Al-Duhail SC"", ""season"": ""25/26"", ""fee"": 10000000.0}",wl-basaksehir.png,wl-al-duhail.png,5
transfer,hard,Pedro,One player made this move in 2020/21. Who?,Pedro joined Flamengo from Fiorentina in 2020/21 for €14M.,"{""from"": ""Fiorentina"", ""to"": ""Flamengo"", ""season"": ""20/21"", ""fee"": 14000000.0}",acf-fiorentina.webp,flamengo.webp,2
transfer,medium,Diego Carlos,One player made this move in 2024/25. Who?,Diego Carlos joined Fenerbahçe from Aston Villa in 2024/25 for €11.5M.,"{""from"": ""Aston Villa"", ""to"": ""Fenerbahçe"", ""season"": ""24/25"", ""fee"": 11470000.0}",aston-villa.webp,wl-fenerbahce.png,3
transfer,hard,Antoni Milambo,One player made this move in 2025/26. Who?,Antoni Milambo joined Brentford from Feyenoord in 2025/26 for €20M.,"{""from"": ""Feyenoord"", ""to"": ""Brentford"", ""season"": ""25/26"", ""fee"": 20000000.0}",feyenoord.webp,wl-brentford.png,5
transfer,easy,Eberechi Eze,One player made this move in 2025/26. Who?,Eberechi Eze joined Arsenal from Crystal Palace in 2025/26 for €69.3M.,"{""from"": ""Crystal Palace"", ""to"": ""Arsenal"", ""season"": ""25/26"", ""fee"": 69300000.0}",crystal-palace.png,arsenal.webp,8
transfer,easy,Michael Olise,One player made this move in 2024/25. Who?,Michael Olise joined FC Bayern Munich from Crystal Palace in 2024/25 for €53M.,"{""from"": ""Crystal Palace"", ""to"": ""Bayern Munich"", ""season"": ""24/25"", ""fee"": 53000000.0}",crystal-palace.png,fc-bayern-munich.webp,5
transfer,hard,Alban Lafont,One player made this move in 2018/19. Who?,Alban Lafont joined Fiorentina from Toulouse in 2018/19 for €8M.,"{""from"": ""Toulouse"", ""to"": ""Fiorentina"", ""season"": ""18/19"", ""fee"": 8000000.0}",wl-toulouse.png,acf-fiorentina.webp,5
transfer,medium,Edouard Mendy,One player made this move in 2023/24. Who?,Edouard Mendy joined Al-Ahli from Chelsea in 2023/24 for €18.5M.,"{""from"": ""Chelsea"", ""to"": ""Al-Ahli"", ""season"": ""23/24"", ""fee"": 18500000.0}",chelsea.webp,wl-al-ahli.png,4
transfer,medium,Jørgen Strand Larsen,One player made this move in 2022/23. Who?,Jørgen Strand Larsen joined Celta de Vigo from Groningen in 2022/23 for €15.0M.,"{""from"": ""FC Groningen"", ""to"": ""Celta de Vigo"", ""season"": ""22/23"", ""fee"": 15040000.0}",wl-groningen.png,celta-de-vigo.webp,5
transfer,medium,Konstantinos Manolas,One player made this move in 2014/15. Who?,Konstantinos Manolas joined AS Roma from Olympiacos in 2014/15 for €15M.,"{""from"": ""Olympiacos"", ""to"": ""AS Roma"", ""season"": ""14/15"", ""fee"": 15000000.0}",wl-olympiacos.png,as-roma.webp,4
transfer,easy,Fabinho,One player made this move in 2023/24. Who?,Fabinho joined Al-Ittihad from Liverpool in 2023/24 for €46.7M.,"{""from"": ""Liverpool"", ""to"": ""Al-Ittihad"", ""season"": ""23/24"", ""fee"": 46700000.0}",liverpool.webp,wl-al-ittihad.png,2
transfer,medium,Lucas Ocampos,One player made this move in 2019/20. Who?,Lucas Ocampos joined Sevilla FC from Marseille in 2019/20 for €15M.,"{""from"": ""Marseille"", ""to"": ""Sevilla FC"", ""season"": ""19/20"", ""fee"": 15000000.0}",wl-marseille.png,sevilla-fc.webp,4
transfer,medium,Kaio Jorge,One player made this move in 2024/25. Who?,Kaio Jorge joined Cruzeiro from Juventus in 2024/25 for €7.2M.,"{""from"": ""Juventus"", ""to"": ""Cruzeiro"", ""season"": ""24/25"", ""fee"": 7200000.0}",juventus.webp,wl-cruzeiro.png,4
transfer,medium,Diego Llorente,One player made this move in 2017/18. Who?,Diego Llorente joined Real Sociedad from Real Madrid CF in 2017/18 for €11M.,"{""from"": ""Real Madrid"", ""to"": ""Real Sociedad"", ""season"": ""17/18"", ""fee"": 11000000.0}",real-madrid-cf.webp,real-sociedad.webp,4
transfer,easy,Arda Güler,One player made this move in 2023/24. Who?,Arda Güler joined Real Madrid CF from Fenerbahçe in 2023/24 for €28M.,"{""from"": ""Fenerbahçe"", ""to"": ""Real Madrid"", ""season"": ""23/24"", ""fee"": 28000000.0}",wl-fenerbahce.png,real-madrid-cf.webp,4
transfer,hard,Mamadou Sakho,One player made this move in 2017/18. Who?,Mamadou Sakho joined Crystal Palace from Liverpool in 2017/18 for €28.2M.,"{""from"": ""Liverpool"", ""to"": ""Crystal Palace"", ""season"": ""17/18"", ""fee"": 28200000.0}",liverpool.webp,crystal-palace.png,4
transfer,medium,Konstantinos Manolas,One player made this move in 2019/20. Who?,Konstantinos Manolas joined SSC Napoli from AS Roma in 2019/20 for €36M.,"{""from"": ""AS Roma"", ""to"": ""SSC Napoli"", ""season"": ""19/20"", ""fee"": 36000000.0}",as-roma.webp,ssc-napoli.webp,4
transfer,easy,Roméo Lavia,One player made this move in 2023/24. Who?,Roméo Lavia joined Chelsea from Southampton in 2023/24 for €62.1M.,"{""from"": ""Southampton"", ""to"": ""Chelsea"", ""season"": ""23/24"", ""fee"": 62100000.0}",wl-southampton.png,chelsea.webp,4
transfer,medium,Leonardo Bonucci,One player made this move in 2017/18. Who?,Leonardo Bonucci joined AC Milan from Juventus in 2017/18 for €42M.,"{""from"": ""Juventus"", ""to"": ""AC Milan"", ""season"": ""17/18"", ""fee"": 42000000.0}",juventus.webp,ac-milan.webp,4
transfer,medium,Krzysztof Piatek,One player made this move in 2019/20. Who?,Krzysztof Piatek joined Hertha BSC from AC Milan in 2019/20 for €24M.,"{""from"": ""AC Milan"", ""to"": ""Hertha BSC"", ""season"": ""19/20"", ""fee"": 24000000.0}",ac-milan.webp,hertha-bsc.webp,5
transfer,medium,Georges Mikautadze,One player made this move in 2024/25. Who?,Georges Mikautadze joined Lyon from Metz in 2024/25 for €18.5M.,"{""from"": ""FC Metz"", ""to"": ""Lyon"", ""season"": ""24/25"", ""fee"": 18500000.0}",wl-metz.png,olympique-lyonnais.webp,7
transfer,hard,Giorgian de Arrascaeta,One player made this move in 2018/19. Who?,Giorgian de Arrascaeta joined Flamengo from Cruzeiro in 2018/19 for €15M.,"{""from"": ""Cruzeiro"", ""to"": ""Flamengo"", ""season"": ""18/19"", ""fee"": 15000000.0}",wl-cruzeiro.png,flamengo.webp,6
transfer,hard,Youssouf Ndayishimiye,One player made this move in 2022/23. Who?,Youssouf Ndayishimiye joined Nice from Başakşehir in 2022/23 for €11.5M.,"{""from"": ""Basaksehir"", ""to"": ""Nice"", ""season"": ""22/23"", ""fee"": 11500000.0}",wl-basaksehir.png,ogc-nice.webp,4
transfer,medium,Duje Caleta-Car,One player made this move in 2022/23. Who?,Duje Caleta-Car joined Southampton from Marseille in 2022/23 for €8M.,"{""from"": ""Marseille"", ""to"": ""Southampton"", ""season"": ""22/23"", ""fee"": 8000000.0}",wl-marseille.png,wl-southampton.png,5
transfer,hard,Sacha Boey,One player made this move in 2023/24. Who?,Sacha Boey joined FC Bayern Munich from Galatasaray in 2023/24 for €30M.,"{""from"": ""Galatasaray"", ""to"": ""Bayern Munich"", ""season"": ""23/24"", ""fee"": 30000000.0}",wl-galatasaray.png,fc-bayern-munich.webp,5
transfer,hard,Bertrand Traoré,One player made this move in 2020/21. Who?,Bertrand Traoré joined Aston Villa from Lyon in 2020/21 for €18.4M.,"{""from"": ""Lyon"", ""to"": ""Aston Villa"", ""season"": ""20/21"", ""fee"": 18400000.0}",olympique-lyonnais.webp,aston-villa.webp,4
transfer,hard,Odsonne Édouard,One player made this move in 2021/22. Who?,Odsonne Édouard joined Crystal Palace from Celtic in 2021/22 for €16.3M.,"{""from"": ""Celtic"", ""to"": ""Crystal Palace"", ""season"": ""21/22"", ""fee"": 16300000.0}",celtic.webp,crystal-palace.png,5
transfer,medium,Nikola Vlašić,One player made this move in 2017/18. Who?,Nikola Vlašić joined Everton from Hajduk Split in 2017/18 for €10.8M.,"{""from"": ""Hajduk Split"", ""to"": ""Everton"", ""season"": ""17/18"", ""fee"": 10800000.0}",wl-hajduk-split.png,everton.webp,4
transfer,medium,Sofyan Amrabat,One player made this move in 2025/26. Who?,Sofyan Amrabat joined Fenerbahçe from Fiorentina in 2025/26 for €12M.,"{""from"": ""Fiorentina"", ""to"": ""Fenerbahçe"", ""season"": ""25/26"", ""fee"": 12000000.0}",acf-fiorentina.webp,wl-fenerbahce.png,6
transfer,hard,Andreas Pereira,One player made this move in 2025/26. Who?,Andreas Pereira joined Palmeiras from Fulham in 2025/26 for €10M.,"{""from"": ""Fulham"", ""to"": ""Palmeiras"", ""season"": ""25/26"", ""fee"": 10000000.0}",wl-fulham.png,wl-palmeiras.png,4
transfer,medium,Everton,One player made this move in 2022/23. Who?,Everton joined Flamengo from Benfica in 2022/23 for €16.5M.,"{""from"": ""Benfica"", ""to"": ""Flamengo"", ""season"": ""22/23"", ""fee"": 16500000.0}",sl-benfica.webp,flamengo.webp,2
transfer,hard,Hamed Traoré,One player made this move in 2026/27. Who?,Hamed Traoré joined Marseille from Bournemouth in 2026/27 for €7.5M.,"{""from"": ""Bournemouth"", ""to"": ""Marseille"", ""season"": ""26/27"", ""fee"": 7500000.0}",afc-bournemouth.png,wl-marseille.png,5
transfer,hard,Davy Klaassen,One player made this move in 2018/19. Who?,Davy Klaassen joined Werder Bremen from Everton in 2018/19 for €13.5M.,"{""from"": ""Everton"", ""to"": ""Werder Bremen"", ""season"": ""18/19"", ""fee"": 13500000.0}",everton.webp,werder-bremen.webp,4
transfer,hard,Marko Pjaca,One player made this move in 2016/17. Who?,Marko Pjaca joined Juventus from Dinamo Zagreb in 2016/17 for €29.4M.,"{""from"": ""Dinamo Zagreb"", ""to"": ""Juventus"", ""season"": ""16/17"", ""fee"": 29400000.0}",wl-dinamo-zagreb.png,juventus.webp,4
transfer,medium,Pierre Kalulu,One player made this move in 2025/26. Who?,Pierre Kalulu joined Juventus from AC Milan in 2025/26 for €14.3M.,"{""from"": ""AC Milan"", ""to"": ""Juventus"", ""season"": ""25/26"", ""fee"": 14300000.0}",ac-milan.webp,juventus.webp,4
transfer,medium,David Raya,One player made this move in 2024/25. Who?,David Raya joined Arsenal from Brentford in 2024/25 for €31.9M.,"{""from"": ""Brentford"", ""to"": ""Arsenal"", ""season"": ""24/25"", ""fee"": 31900000.0}",wl-brentford.png,arsenal.webp,4
transfer,easy,Serge Gnabry,One player made this move in 2017/18. Who?,Serge Gnabry joined FC Bayern Munich from Werder Bremen in 2017/18 for €8M.,"{""from"": ""Werder Bremen"", ""to"": ""Bayern Munich"", ""season"": ""17/18"", ""fee"": 8000000.0}",werder-bremen.webp,fc-bayern-munich.webp,8
transfer,medium,Dries Mertens,One player made this move in 2013/14. Who?,Dries Mertens joined SSC Napoli from PSV Eindhoven in 2013/14 for €9.5M.,"{""from"": ""PSV Eindhoven"", ""to"": ""SSC Napoli"", ""season"": ""13/14"", ""fee"": 9480000.0}",psv-eindhoven.webp,ssc-napoli.webp,9
transfer,medium,Nuno Tavares,One player made this move in 2021/22. Who?,Nuno Tavares joined Arsenal from Benfica in 2021/22 for €8M.,"{""from"": ""Benfica"", ""to"": ""Arsenal"", ""season"": ""21/22"", ""fee"": 8000000.0}",sl-benfica.webp,arsenal.webp,4
transfer,medium,Dodi Lukébakio,One player made this move in 2025/26. Who?,Dodi Lukébakio joined Benfica from Sevilla FC in 2025/26 for €20M.,"{""from"": ""Sevilla FC"", ""to"": ""Benfica"", ""season"": ""25/26"", ""fee"": 20000000.0}",sevilla-fc.webp,sl-benfica.webp,5
transfer,easy,Álvaro Morata,One player made this move in 2016/17. Who?,Álvaro Morata joined Real Madrid CF from Juventus in 2016/17 for €30M.,"{""from"": ""Juventus"", ""to"": ""Real Madrid"", ""season"": ""16/17"", ""fee"": 30000000.0}",juventus.webp,real-madrid-cf.webp,9
transfer,medium,Martin Terrier,One player made this move in 2017/18. Who?,Martin Terrier joined Lyon from Lille in 2017/18 for €11M.,"{""from"": ""Lille"", ""to"": ""Lyon"", ""season"": ""17/18"", ""fee"": 11000000.0}",losc-lille.webp,olympique-lyonnais.webp,4
transfer,easy,Luis Díaz,One player made this move in 2025/26. Who?,Luis Díaz joined FC Bayern Munich from Liverpool in 2025/26 for €70M.,"{""from"": ""Liverpool"", ""to"": ""Bayern Munich"", ""season"": ""25/26"", ""fee"": 70000000.0}",liverpool.webp,fc-bayern-munich.webp,3
transfer,hard,Calvin Stengs,One player made this move in 2023/24. Who?,Calvin Stengs joined Feyenoord from Nice in 2023/24 for €6M.,"{""from"": ""Nice"", ""to"": ""Feyenoord"", ""season"": ""23/24"", ""fee"": 6000000.0}",ogc-nice.webp,feyenoord.webp,4
transfer,easy,Ryan Gravenberch,One player made this move in 2023/24. Who?,Ryan Gravenberch joined Liverpool from FC Bayern Munich in 2023/24 for €40M.,"{""from"": ""Bayern Munich"", ""to"": ""Liverpool"", ""season"": ""23/24"", ""fee"": 40000000.0}",fc-bayern-munich.webp,liverpool.webp,4
transfer,hard,Nathaniel Clyne,One player made this move in 2015/16. Who?,Nathaniel Clyne joined Liverpool from Southampton in 2015/16 for €17.7M.,"{""from"": ""Southampton"", ""to"": ""Liverpool"", ""season"": ""15/16"", ""fee"": 17700000.0}",wl-southampton.png,liverpool.webp,4
transfer,hard,Amadou Diawara,One player made this move in 2019/20. Who?,Amadou Diawara joined AS Roma from SSC Napoli in 2019/20 for €21M.,"{""from"": ""SSC Napoli"", ""to"": ""AS Roma"", ""season"": ""19/20"", ""fee"": 21000000.0}",ssc-napoli.webp,as-roma.webp,4
transfer,hard,Luciano Valente,One player made this move in 2025/26. Who?,Luciano Valente joined Feyenoord from Groningen in 2025/26 for €6.8M.,"{""from"": ""FC Groningen"", ""to"": ""Feyenoord"", ""season"": ""25/26"", ""fee"": 6750000.0}",wl-groningen.png,feyenoord.webp,4
transfer,easy,Kevin De Bruyne,One player made this move in 2013/14. Who?,Kevin De Bruyne joined Wolfsburg from Chelsea in 2013/14 for €22M.,"{""from"": ""Chelsea"", ""to"": ""Wolfsburg"", ""season"": ""13/14"", ""fee"": 22000000.0}",chelsea.webp,wl-vfl-wolfsburg.png,6
transfer,medium,Jordan Henderson,One player made this move in 2023/24. Who?,Jordan Henderson joined Al-Ettifaq from Liverpool in 2023/24 for €14M.,"{""from"": ""Liverpool"", ""to"": ""Al-Ettifaq"", ""season"": ""23/24"", ""fee"": 14000000.0}",liverpool.webp,wl-al-ettifaq.png,4
transfer,medium,Assane Diao,One player made this move in 2024/25. Who?,Assane Diao joined Como from Real Betis in 2024/25 for €12M.,"{""from"": ""Real Betis"", ""to"": ""Como"", ""season"": ""24/25"", ""fee"": 12000000.0}",real-betis.webp,wl-como.png,5
transfer,easy,Christopher Nkunku,One player made this move in 2025/26. Who?,Christopher Nkunku joined AC Milan from Chelsea in 2025/26 for €37M.,"{""from"": ""Chelsea"", ""to"": ""AC Milan"", ""season"": ""25/26"", ""fee"": 37000000.0}",chelsea.webp,ac-milan.webp,4
transfer,medium,Gerson,One player made this move in 2022/23. Who?,Gerson joined Flamengo from Marseille in 2022/23 for €15M.,"{""from"": ""Marseille"", ""to"": ""Flamengo"", ""season"": ""22/23"", ""fee"": 15000000.0}",wl-marseille.png,flamengo.webp,5
transfer,easy,Enzo Fernández,One player made this move in 2022/23. Who?,Enzo Fernández joined Benfica from River Plate in 2022/23 for €44.2M.,"{""from"": ""River Plate"", ""to"": ""Benfica"", ""season"": ""22/23"", ""fee"": 44250000.0}",river-plate.webp,sl-benfica.webp,4
transfer,medium,César Azpilicueta,One player made this move in 2012/13. Who?,César Azpilicueta joined Chelsea from Marseille in 2012/13 for €8.8M.,"{""from"": ""Marseille"", ""to"": ""Chelsea"", ""season"": ""12/13"", ""fee"": 8800000.0}",wl-marseille.png,chelsea.webp,6
transfer,hard,Álex Moreno,One player made this move in 2022/23. Who?,Álex Moreno joined Aston Villa from Real Betis in 2022/23 for €13.5M.,"{""from"": ""Real Betis"", ""to"": ""Aston Villa"", ""season"": ""22/23"", ""fee"": 13500000.0}",real-betis.webp,aston-villa.webp,4
transfer,hard,Danny Ings,One player made this move in 2021/22. Who?,Danny Ings joined Aston Villa from Southampton in 2021/22 for €29.4M.,"{""from"": ""Southampton"", ""to"": ""Aston Villa"", ""season"": ""21/22"", ""fee"": 29400000.0}",wl-southampton.png,aston-villa.webp,4
transfer,medium,Ilya Zabarnyi,One player made this move in 2022/23. Who?,Ilya Zabarnyi joined Bournemouth from Dynamo Kyiv in 2022/23 for €33M.,"{""from"": ""Dynamo Kyiv"", ""to"": ""Bournemouth"", ""season"": ""22/23"", ""fee"": 33000000.0}",wl-dynamo-kyiv.png,afc-bournemouth.png,5
transfer,easy,Enzo Fernández,One player made this move in 2022/23. Who?,Enzo Fernández joined Chelsea from Benfica in 2022/23 for €121M.,"{""from"": ""Benfica"", ""to"": ""Chelsea"", ""season"": ""22/23"", ""fee"": 121000000.0}",sl-benfica.webp,chelsea.webp,4
transfer,medium,Tammy Abraham,One player made this move in 2025/26. Who?,Tammy Abraham joined Aston Villa from Beşiktaş in 2025/26 for €21M.,"{""from"": ""Besiktas"", ""to"": ""Aston Villa"", ""season"": ""25/26"", ""fee"": 21000000.0}",wl-besiktas.png,aston-villa.webp,5
transfer,medium,Idrissa Gueye,One player made this move in 2016/17. Who?,Idrissa Gueye joined Everton from Aston Villa in 2016/17 for €8.5M.,"{""from"": ""Aston Villa"", ""to"": ""Everton"", ""season"": ""16/17"", ""fee"": 8500000.0}",aston-villa.webp,everton.webp,3
transfer,hard,Christ Inao Oulaï,One player made this move in 2025/26. Who?,Christ Inao Oulaï joined Trabzonspor from Bastia in 2025/26 for €5.5M.,"{""from"": ""SC Bastia"", ""to"": ""Trabzonspor"", ""season"": ""25/26"", ""fee"": 5500000.0}",wl-bastia.png,wl-trabzonspor.png,6
transfer,easy,Pierre-Emerick Aubameyang,One player made this move in 2024/25. Who?,Pierre-Emerick Aubameyang joined Al Qadsiah from Marseille in 2024/25 for €9M.,"{""from"": ""Marseille"", ""to"": ""Al-Qadsiah"", ""season"": ""24/25"", ""fee"": 9000000.0}",wl-marseille.png,wl-al-qadsiah.png,9
transfer,hard,Nicolás de la Cruz,One player made this move in 2023/24. Who?,Nicolás de la Cruz joined Flamengo from River Plate in 2023/24 for €14.5M.,"{""from"": ""River Plate"", ""to"": ""Flamengo"", ""season"": ""23/24"", ""fee"": 14500000.0}",river-plate.webp,flamengo.webp,4
transfer,medium,Pierre-Emile Højbjerg,One player made this move in 2016/17. Who?,Pierre-Emile Højbjerg joined Southampton from FC Bayern Munich in 2016/17 for €15M.,"{""from"": ""Bayern Munich"", ""to"": ""Southampton"", ""season"": ""16/17"", ""fee"": 15000000.0}",fc-bayern-munich.webp,wl-southampton.png,5
transfer,medium,Raúl de Tomás,One player made this move in 2019/20. Who?,Raúl de Tomás joined Espanyol from Benfica in 2019/20 for €22.5M.,"{""from"": ""Benfica"", ""to"": ""Espanyol"", ""season"": ""19/20"", ""fee"": 22500000.0}",sl-benfica.webp,rcd-espanyol.webp,4
transfer,easy,Isco,One player made this move in 2013/14. Who?,Isco joined Real Madrid CF from Málaga in 2013/14 for €30M.,"{""from"": ""Málaga CF"", ""to"": ""Real Madrid"", ""season"": ""13/14"", ""fee"": 30000000.0}",malaga-cf.png,real-madrid-cf.webp,4
transfer,medium,Jaydee Canvot,One player made this move in 2025/26. Who?,Jaydee Canvot joined Crystal Palace from Toulouse in 2025/26 for €23M.,"{""from"": ""Toulouse"", ""to"": ""Crystal Palace"", ""season"": ""25/26"", ""fee"": 23000000.0}",wl-toulouse.png,crystal-palace.png,5
transfer,medium,Joachim Andersen,One player made this move in 2019/20. Who?,Joachim Andersen joined Lyon from Sampdoria in 2019/20 for €24M.,"{""from"": ""Sampdoria"", ""to"": ""Lyon"", ""season"": ""19/20"", ""fee"": 24000000.0}",sampdoria.webp,olympique-lyonnais.webp,5
transfer,hard,Danny Ings,One player made this move in 2019/20. Who?,Danny Ings joined Southampton from Liverpool in 2019/20 for €25.1M.,"{""from"": ""Liverpool"", ""to"": ""Southampton"", ""season"": ""19/20"", ""fee"": 25100000.0}",liverpool.webp,wl-southampton.png,4
transfer,easy,Sandro Tonali,One player made this move in 2021/22. Who?,Sandro Tonali joined AC Milan from Brescia in 2021/22 for €14.3M.,"{""from"": ""Brescia"", ""to"": ""AC Milan"", ""season"": ""21/22"", ""fee"": 14280000.0}",wl-brescia.png,ac-milan.webp,4
transfer,medium,Iago Aspas,One player made this move in 2013/14. Who?,Iago Aspas joined Liverpool from Celta de Vigo in 2013/14 for €10.8M.,"{""from"": ""Celta de Vigo"", ""to"": ""Liverpool"", ""season"": ""13/14"", ""fee"": 10800000.0}",celta-de-vigo.webp,liverpool.webp,5
transfer,medium,Jonathan Ikoné,One player made this move in 2021/22. Who?,Jonathan Ikoné joined Fiorentina from Lille in 2021/22 for €15.4M.,"{""from"": ""Lille"", ""to"": ""Fiorentina"", ""season"": ""21/22"", ""fee"": 15400000.0}",losc-lille.webp,acf-fiorentina.webp,4
transfer,medium,Ismaïla Sarr,One player made this move in 2024/25. Who?,Ismaïla Sarr joined Crystal Palace from Marseille in 2024/25 for €15M.,"{""from"": ""Marseille"", ""to"": ""Crystal Palace"", ""season"": ""24/25"", ""fee"": 15000000.0}",wl-marseille.png,crystal-palace.png,5
transfer,hard,Nicolás de la Cruz,One player made this move in 2017/18. Who?,Nicolás de la Cruz joined River Plate from Liverpool in 2017/18 for €12.5M.,"{""from"": ""Liverpool FC"", ""to"": ""River Plate"", ""season"": ""17/18"", ""fee"": 12500000.0}",liverpool.webp,river-plate.webp,4
transfer,medium,Sergio Canales,One player made this move in 2023/24. Who?,Sergio Canales joined Monterrey from Real Betis in 2023/24 for €10M.,"{""from"": ""Real Betis"", ""to"": ""Monterrey"", ""season"": ""23/24"", ""fee"": 10000000.0}",real-betis.webp,wl-monterrey.png,4
transfer,hard,Tim Iroegbunam,One player made this move in 2024/25. Who?,Tim Iroegbunam joined Everton from Aston Villa in 2024/25 for €10.7M.,"{""from"": ""Aston Villa"", ""to"": ""Everton"", ""season"": ""24/25"", ""fee"": 10700000.0}",aston-villa.webp,everton.webp,4
transfer,hard,Paul Onuachu,One player made this move in 2025/26. Who?,Paul Onuachu joined Trabzonspor from Southampton in 2025/26 for €5.7M.,"{""from"": ""Southampton"", ""to"": ""Trabzonspor"", ""season"": ""25/26"", ""fee"": 5670000.0}",wl-southampton.png,wl-trabzonspor.png,4
transfer,hard,Cenk Tosun,One player made this move in 2017/18. Who?,Cenk Tosun joined Everton from Beşiktaş in 2017/18 for €22.5M.,"{""from"": ""Besiktas"", ""to"": ""Everton"", ""season"": ""17/18"", ""fee"": 22500000.0}",wl-besiktas.png,everton.webp,5
transfer,easy,Sadio Mané,One player made this move in 2022/23. Who?,Sadio Mané joined FC Bayern Munich from Liverpool in 2022/23 for €32M.,"{""from"": ""Liverpool"", ""to"": ""Bayern Munich"", ""season"": ""22/23"", ""fee"": 32000000.0}",liverpool.webp,fc-bayern-munich.webp,4
transfer,hard,Breel Embolo,One player made this move in 2016/17. Who?,Breel Embolo joined FC Schalke 04 from Basel in 2016/17 for €26.5M.,"{""from"": ""Basel"", ""to"": ""FC Schalke 04"", ""season"": ""16/17"", ""fee"": 26500000.0}",wl-basel.png,fc-schalke-04.webp,5
transfer,medium,Federico Bernardeschi,One player made this move in 2017/18. Who?,Federico Bernardeschi joined Juventus from Fiorentina in 2017/18 for €40M.,"{""from"": ""Fiorentina"", ""to"": ""Juventus"", ""season"": ""17/18"", ""fee"": 40000000.0}",acf-fiorentina.webp,juventus.webp,4
transfer,easy,Nabil Fekir,One player made this move in 2019/20. Who?,Nabil Fekir joined Real Betis from Olympique Lyonnais in 2019/20 for €19.8M.,"{""from"": ""Olympique Lyon"", ""to"": ""Real Betis"", ""season"": ""19/20"", ""fee"": 19750000.0}",olympique-lyonnais.webp,real-betis.webp,4
transfer,hard,Yusuf Yazıcı,One player made this move in 2019/20. Who?,Yusuf Yazıcı joined Lille from Trabzonspor in 2019/20 for €18.5M.,"{""from"": ""Trabzonspor"", ""to"": ""Lille"", ""season"": ""19/20"", ""fee"": 18500000.0}",wl-trabzonspor.png,losc-lille.webp,4
transfer,easy,Martin Ødegaard,One player made this move in 2021/22. Who?,Martin Ødegaard joined Arsenal from Real Madrid CF in 2021/22 for €35M.,"{""from"": ""Real Madrid"", ""to"": ""Arsenal"", ""season"": ""21/22"", ""fee"": 35000000.0}",real-madrid-cf.webp,arsenal.webp,11
transfer,medium,Maxence Lacroix,One player made this move in 2024/25. Who?,Maxence Lacroix joined Crystal Palace from Wolfsburg in 2024/25 for €18M.,"{""from"": ""Wolfsburg"", ""to"": ""Crystal Palace"", ""season"": ""24/25"", ""fee"": 18000000.0}",wl-vfl-wolfsburg.png,crystal-palace.png,4
transfer,medium,Frank Anguissa,One player made this move in 2018/19. Who?,Frank Anguissa joined Fulham from Marseille in 2018/19 for €24.9M.,"{""from"": ""Marseille"", ""to"": ""Fulham"", ""season"": ""18/19"", ""fee"": 24850000.0}",wl-marseille.png,wl-fulham.png,4
transfer,medium,Idrissa Gueye,One player made this move in 2015/16. Who?,Idrissa Gueye joined Aston Villa from Lille in 2015/16 for €9M.,"{""from"": ""Lille"", ""to"": ""Aston Villa"", ""season"": ""15/16"", ""fee"": 9000000.0}",losc-lille.webp,aston-villa.webp,3
transfer,medium,Juan Cuadrado,One player made this move in 2013/14. Who?,Juan Cuadrado joined Fiorentina from Udinese in 2013/14 for €20M.,"{""from"": ""Udinese"", ""to"": ""Fiorentina"", ""season"": ""13/14"", ""fee"": 20000000.0}",wl-udinese.png,acf-fiorentina.webp,4
transfer,medium,Moise Kean,One player made this move in 2019/20. Who?,Moise Kean joined Everton from Juventus in 2019/20 for €27.5M.,"{""from"": ""Juventus"", ""to"": ""Everton"", ""season"": ""19/20"", ""fee"": 27500000.0}",juventus.webp,everton.webp,4
transfer,easy,Kingsley Coman,One player made this move in 2025/26. Who?,Kingsley Coman joined Al Nassr from FC Bayern Munich in 2025/26 for €25M.,"{""from"": ""Bayern Munich"", ""to"": ""Al-Nassr"", ""season"": ""25/26"", ""fee"": 25000000.0}",fc-bayern-munich.webp,wl-al-nassr.png,6
transfer,medium,Richard Ríos,One player made this move in 2025/26. Who?,Richard Ríos joined Benfica from Palmeiras in 2025/26 for €27M.,"{""from"": ""Palmeiras"", ""to"": ""Benfica"", ""season"": ""25/26"", ""fee"": 27000000.0}",wl-palmeiras.png,sl-benfica.webp,4
transfer,medium,Luiz Henrique,One player made this move in 2023/24. Who?,Luiz Henrique joined Botafogo from Real Betis in 2023/24 for €16M.,"{""from"": ""Real Betis"", ""to"": ""Botafogo"", ""season"": ""23/24"", ""fee"": 16000000.0}",real-betis.webp,wl-botafogo.png,3
transfer,medium,Tyler Dibling,One player made this move in 2025/26. Who?,Tyler Dibling joined Everton from Southampton in 2025/26 for €40.5M.,"{""from"": ""Southampton"", ""to"": ""Everton"", ""season"": ""25/26"", ""fee"": 40500000.0}",wl-southampton.png,everton.webp,4
transfer,hard,Álex Jiménez,One player made this move in 2026/27. Who?,Álex Jiménez joined Bournemouth from AC Milan in 2026/27 for €18.5M.,"{""from"": ""AC Milan"", ""to"": ""Bournemouth"", ""season"": ""26/27"", ""fee"": 18500000.0}",ac-milan.webp,afc-bournemouth.png,4
transfer,medium,Konstantinos Koulierakis,One player made this move in 2024/25. Who?,Konstantinos Koulierakis joined Wolfsburg from PAOK in 2024/25 for €11.8M.,"{""from"": ""PAOK"", ""to"": ""Wolfsburg"", ""season"": ""24/25"", ""fee"": 11750000.0}",paok.png,wl-vfl-wolfsburg.png,4
transfer,medium,Marcos Alonso,One player made this move in 2016/17. Who?,Marcos Alonso joined Chelsea from Fiorentina in 2016/17 for €23M.,"{""from"": ""Fiorentina"", ""to"": ""Chelsea"", ""season"": ""16/17"", ""fee"": 23000000.0}",acf-fiorentina.webp,chelsea.webp,4
transfer,easy,Rafael Leão,One player made this move in 2019/20. Who?,Rafael Leão joined AC Milan from Lille in 2019/20 for €49.5M.,"{""from"": ""Lille"", ""to"": ""AC Milan"", ""season"": ""19/20"", ""fee"": 49500000.0}",losc-lille.webp,ac-milan.webp,8
transfer,hard,Arthur Cabral,One player made this move in 2023/24. Who?,Arthur Cabral joined Benfica from Fiorentina in 2023/24 for €21M.,"{""from"": ""Fiorentina"", ""to"": ""Benfica"", ""season"": ""23/24"", ""fee"": 21000000.0}",acf-fiorentina.webp,sl-benfica.webp,4
transfer,medium,Dani Ceballos,One player made this move in 2017/18. Who?,Dani Ceballos joined Real Madrid CF from Real Betis in 2017/18 for €16.5M.,"{""from"": ""Real Betis"", ""to"": ""Real Madrid"", ""season"": ""17/18"", ""fee"": 16500000.0}",real-betis.webp,real-madrid-cf.webp,4
transfer,hard,Quincy Promes,One player made this move in 2018/19. Who?,Quincy Promes joined Sevilla FC from Spartak Moscow in 2018/19 for €21M.,"{""from"": ""Spartak Moscow"", ""to"": ""Sevilla FC"", ""season"": ""18/19"", ""fee"": 21000000.0}",wl-spartak-moscow.png,sevilla-fc.webp,5
transfer,medium,Nikola Vlašić,One player made this move in 2019/20. Who?,Nikola Vlašić joined CSKA Moscow from Everton in 2019/20 for €23M.,"{""from"": ""Everton"", ""to"": ""CSKA Moscow"", ""season"": ""19/20"", ""fee"": 23000000.0}",everton.webp,cska-moscow.png,4
transfer,hard,Calum Chambers,One player made this move in 2014/15. Who?,Calum Chambers joined Arsenal from Southampton in 2014/15 for €20.2M.,"{""from"": ""Southampton"", ""to"": ""Arsenal"", ""season"": ""14/15"", ""fee"": 20230000.0}",wl-southampton.png,arsenal.webp,5
transfer,easy,Takefusa Kubo,One player made this move in 2022/23. Who?,Takefusa Kubo joined Real Sociedad from Real Madrid CF in 2022/23 for €6.5M.,"{""from"": ""Real Madrid"", ""to"": ""Real Sociedad"", ""season"": ""22/23"", ""fee"": 6500000.0}",real-madrid-cf.webp,real-sociedad.webp,5
transfer,medium,Luiz Henrique,One player made this move in 2022/23. Who?,Luiz Henrique joined Real Betis from Fluminense in 2022/23 for €10.4M.,"{""from"": ""Fluminense"", ""to"": ""Real Betis"", ""season"": ""22/23"", ""fee"": 10400000.0}",wl-fluminense.png,real-betis.webp,3
transfer,medium,Luis Sinisterra,One player made this move in 2026/27. Who?,Luis Sinisterra joined Cruzeiro from Bournemouth in 2026/27 for €6M.,"{""from"": ""Bournemouth"", ""to"": ""Cruzeiro"", ""season"": ""26/27"", ""fee"": 6000000.0}",afc-bournemouth.png,wl-cruzeiro.png,4
transfer,medium,Jesús Rodríguez,One player made this move in 2025/26. Who?,Jesús Rodríguez joined Como from Real Betis in 2025/26 for €22.5M.,"{""from"": ""Real Betis"", ""to"": ""Como"", ""season"": ""25/26"", ""fee"": 22500000.0}",real-betis.webp,wl-como.png,4
transfer,medium,Leonardo Bonucci,One player made this move in 2018/19. Who?,Leonardo Bonucci joined Juventus from AC Milan in 2018/19 for €35M.,"{""from"": ""AC Milan"", ""to"": ""Juventus"", ""season"": ""18/19"", ""fee"": 35000000.0}",ac-milan.webp,juventus.webp,4
transfer,hard,Kristoffer Ajer,One player made this move in 2021/22. Who?,Kristoffer Ajer joined Brentford from Celtic in 2021/22 for €15.7M.,"{""from"": ""Celtic"", ""to"": ""Brentford"", ""season"": ""21/22"", ""fee"": 15700000.0}",celtic.webp,wl-brentford.png,5
transfer,easy,Cristiano Ronaldo,One player made this move in 2018/19. Who?,Cristiano Ronaldo joined Juventus from Real Madrid CF in 2018/19 for €117M.,"{""from"": ""Real Madrid"", ""to"": ""Juventus"", ""season"": ""18/19"", ""fee"": 117000000.0}",real-madrid-cf.webp,juventus.webp,3
transfer,medium,Renato Sanches,One player made this move in 2019/20. Who?,Renato Sanches joined Lille from FC Bayern Munich in 2019/20 for €20M.,"{""from"": ""Bayern Munich"", ""to"": ""Lille"", ""season"": ""19/20"", ""fee"": 20000000.0}",fc-bayern-munich.webp,losc-lille.webp,4
transfer,medium,Ezri Konsa,One player made this move in 2019/20. Who?,Ezri Konsa joined Aston Villa from Brentford in 2019/20 for €13.3M.,"{""from"": ""Brentford"", ""to"": ""Aston Villa"", ""season"": ""19/20"", ""fee"": 13300000.0}",wl-brentford.png,aston-villa.webp,5
transfer,medium,Carlos Bacca,One player made this move in 2015/16. Who?,Carlos Bacca joined AC Milan from Sevilla FC in 2015/16 for €33.3M.,"{""from"": ""Sevilla FC"", ""to"": ""AC Milan"", ""season"": ""15/16"", ""fee"": 33300000.0}",sevilla-fc.webp,ac-milan.webp,4
transfer,hard,Luiz Felipe,One player made this move in 2023/24. Who?,Luiz Felipe joined Al-Ittihad from Real Betis in 2023/24 for €22M.,"{""from"": ""Real Betis"", ""to"": ""Al-Ittihad"", ""season"": ""23/24"", ""fee"": 22000000.0}",real-betis.webp,wl-al-ittihad.png,3
transfer,medium,Luis Alberto,One player made this move in 2013/14. Who?,Luis Alberto joined Liverpool from Sevilla FC in 2013/14 for €8M.,"{""from"": ""Sevilla FC"", ""to"": ""Liverpool"", ""season"": ""13/14"", ""fee"": 8000000.0}",sevilla-fc.webp,liverpool.webp,3
transfer,easy,Lucas Paquetá,One player made this move in 2020/21. Who?,Lucas Paquetá joined Lyon from AC Milan in 2020/21 for €23M.,"{""from"": ""AC Milan"", ""to"": ""Lyon"", ""season"": ""20/21"", ""fee"": 23000000.0}",ac-milan.webp,olympique-lyonnais.webp,4
transfer,medium,Orkun Kökçü,One player made this move in 2026/27. Who?,Orkun Kökçü joined Beşiktaş from Benfica in 2026/27 for €30M.,"{""from"": ""Benfica"", ""to"": ""Besiktas"", ""season"": ""26/27"", ""fee"": 30000000.0}",sl-benfica.webp,wl-besiktas.png,5
transfer,medium,Kevin Strootman,One player made this move in 2018/19. Who?,Kevin Strootman joined Marseille from AS Roma in 2018/19 for €25M.,"{""from"": ""AS Roma"", ""to"": ""Marseille"", ""season"": ""18/19"", ""fee"": 25000000.0}",as-roma.webp,wl-marseille.png,4
transfer,easy,Alexandre Lacazette,One player made this move in 2017/18. Who?,Alexandre Lacazette joined Arsenal from Lyon in 2017/18 for €53M.,"{""from"": ""Lyon"", ""to"": ""Arsenal"", ""season"": ""17/18"", ""fee"": 53000000.0}",olympique-lyonnais.webp,arsenal.webp,4
transfer,medium,Ivan Toney,One player made this move in 2024/25. Who?,Ivan Toney joined Al-Ahli from Brentford in 2024/25 for €42M.,"{""from"": ""Brentford"", ""to"": ""Al-Ahli"", ""season"": ""24/25"", ""fee"": 42000000.0}",wl-brentford.png,wl-al-ahli.png,4
transfer,medium,Lucas Torreira,One player made this move in 2018/19. Who?,Lucas Torreira joined Arsenal from Sampdoria in 2018/19 for €28.6M.,"{""from"": ""Sampdoria"", ""to"": ""Arsenal"", ""season"": ""18/19"", ""fee"": 28650000.0}",sampdoria.webp,arsenal.webp,4
transfer,hard,Fábio Carvalho,One player made this move in 2022/23. Who?,Fábio Carvalho joined Liverpool from Fulham in 2022/23 for €9.4M.,"{""from"": ""Fulham"", ""to"": ""Liverpool"", ""season"": ""22/23"", ""fee"": 9400000.0}",wl-fulham.png,liverpool.webp,4
transfer,hard,Victor Moses,One player made this move in 2021/22. Who?,Victor Moses joined Spartak Moscow from Chelsea in 2021/22 for €5M.,"{""from"": ""Chelsea"", ""to"": ""Spartak Moscow"", ""season"": ""21/22"", ""fee"": 5000000.0}",chelsea.webp,wl-spartak-moscow.png,4
transfer,easy,Vinicius Junior,One player made this move in 2018/19. Who?,Vinicius Junior joined Real Madrid CF from Flamengo in 2018/19 for €45M.,"{""from"": ""Flamengo"", ""to"": ""Real Madrid"", ""season"": ""18/19"", ""fee"": 45000000.0}",flamengo.webp,real-madrid-cf.webp,3
transfer,hard,Paul Onuachu,One player made this move in 2022/23. Who?,Paul Onuachu joined Southampton from Genk in 2022/23 for €18M.,"{""from"": ""Genk"", ""to"": ""Southampton"", ""season"": ""22/23"", ""fee"": 18000000.0}",wl-genk.png,wl-southampton.png,4
transfer,medium,Orkun Kökçü,One player made this move in 2023/24. Who?,Orkun Kökçü joined Benfica from Feyenoord in 2023/24 for €29.7M.,"{""from"": ""Feyenoord"", ""to"": ""Benfica"", ""season"": ""23/24"", ""fee"": 29700000.0}",feyenoord.webp,sl-benfica.webp,5
transfer,medium,Luis Muriel,One player made this move in 2017/18. Who?,Luis Muriel joined Sevilla FC from Sampdoria in 2017/18 for €24.5M.,"{""from"": ""Sampdoria"", ""to"": ""Sevilla FC"", ""season"": ""17/18"", ""fee"": 24500000.0}",sampdoria.webp,sevilla-fc.webp,4
transfer,medium,Vitaliy Mykolenko,One player made this move in 2021/22. Who?,Vitaliy Mykolenko joined Everton from Dynamo Kyiv in 2021/22 for €23.5M.,"{""from"": ""Dynamo Kyiv"", ""to"": ""Everton"", ""season"": ""21/22"", ""fee"": 23500000.0}",wl-dynamo-kyiv.png,everton.webp,4
transfer,medium,Milos Kerkez,One player made this move in 2025/26. Who?,Milos Kerkez joined Liverpool from Bournemouth in 2025/26 for €46.9M.,"{""from"": ""Bournemouth"", ""to"": ""Liverpool"", ""season"": ""25/26"", ""fee"": 46900000.0}",afc-bournemouth.png,liverpool.webp,4
transfer,medium,Marcos Senesi,One player made this move in 2022/23. Who?,Marcos Senesi joined Bournemouth from Feyenoord in 2022/23 for €15M.,"{""from"": ""Feyenoord"", ""to"": ""Bournemouth"", ""season"": ""22/23"", ""fee"": 15000000.0}",feyenoord.webp,afc-bournemouth.png,4
transfer,medium,Youssef En-Nesyri,One player made this move in 2024/25. Who?,Youssef En-Nesyri joined Fenerbahçe from Sevilla FC in 2024/25 for €19.5M.,"{""from"": ""Sevilla FC"", ""to"": ""Fenerbahçe"", ""season"": ""24/25"", ""fee"": 19500000.0}",sevilla-fc.webp,wl-fenerbahce.png,5
transfer,easy,Kingsley Coman,One player made this move in 2017/18. Who?,Kingsley Coman joined FC Bayern Munich from Juventus in 2017/18 for €21M.,"{""from"": ""Juventus"", ""to"": ""Bayern Munich"", ""season"": ""17/18"", ""fee"": 21000000.0}",juventus.webp,fc-bayern-munich.webp,6
transfer,medium,Santiago Gimenez,One player made this move in 2024/25. Who?,Santiago Gimenez joined AC Milan from Feyenoord in 2024/25 for €30.2M.,"{""from"": ""Feyenoord"", ""to"": ""AC Milan"", ""season"": ""24/25"", ""fee"": 30200000.0}",feyenoord.webp,ac-milan.webp,4
transfer,easy,Kai Havertz,One player made this move in 2023/24. Who?,Kai Havertz joined Arsenal from Chelsea in 2023/24 for €75M.,"{""from"": ""Chelsea"", ""to"": ""Arsenal"", ""season"": ""23/24"", ""fee"": 75000000.0}",chelsea.webp,arsenal.webp,5
transfer,medium,Caoimhín Kelleher,One player made this move in 2025/26. Who?,Caoimhín Kelleher joined Brentford from Liverpool in 2025/26 for €14.8M.,"{""from"": ""Liverpool"", ""to"": ""Brentford"", ""season"": ""25/26"", ""fee"": 14800000.0}",liverpool.webp,wl-brentford.png,5
transfer,easy,Dušan Vlahović,One player made this move in 2021/22. Who?,Dušan Vlahović joined Juventus from Fiorentina in 2021/22 for €85.4M.,"{""from"": ""Fiorentina"", ""to"": ""Juventus"", ""season"": ""21/22"", ""fee"": 85400000.0}",acf-fiorentina.webp,juventus.webp,5
transfer,hard,Dejan Lovren,One player made this move in 2013/14. Who?,Dejan Lovren joined Southampton from Lyon in 2013/14 for €10M.,"{""from"": ""Lyon"", ""to"": ""Southampton"", ""season"": ""13/14"", ""fee"": 10000000.0}",olympique-lyonnais.webp,wl-southampton.png,4
transfer,medium,Santi Cazorla,One player made this move in 2012/13. Who?,Santi Cazorla joined Arsenal from Málaga in 2012/13 for €19M.,"{""from"": ""Málaga CF"", ""to"": ""Arsenal"", ""season"": ""12/13"", ""fee"": 19000000.0}",malaga-cf.png,arsenal.webp,8
transfer,hard,Luca Waldschmidt,One player made this move in 2021/22. Who?,Luca Waldschmidt joined Wolfsburg from Benfica in 2021/22 for €12M.,"{""from"": ""Benfica"", ""to"": ""Wolfsburg"", ""season"": ""21/22"", ""fee"": 12000000.0}",sl-benfica.webp,wl-vfl-wolfsburg.png,4
transfer,medium,Florian Thauvin,One player made this move in 2013/14. Who?,Florian Thauvin joined Marseille from Lille in 2013/14 for €12M.,"{""from"": ""Lille"", ""to"": ""Marseille"", ""season"": ""13/14"", ""fee"": 12000000.0}",losc-lille.webp,wl-marseille.png,4
transfer,hard,Veljko Milosavljevic,One player made this move in 2025/26. Who?,Veljko Milosavljevic joined Bournemouth from Red Star Belgrade in 2025/26 for €15M.,"{""from"": ""Red Star"", ""to"": ""Bournemouth"", ""season"": ""25/26"", ""fee"": 15000000.0}",wl-red-star.png,afc-bournemouth.png,4
transfer,medium,Wissam Ben Yedder,One player made this move in 2016/17. Who?,Wissam Ben Yedder joined Sevilla FC from Toulouse in 2016/17 for €9.5M.,"{""from"": ""Toulouse"", ""to"": ""Sevilla FC"", ""season"": ""16/17"", ""fee"": 9500000.0}",wl-toulouse.png,sevilla-fc.webp,6
transfer,medium,Rodrigo Bentancur,One player made this move in 2017/18. Who?,Rodrigo Bentancur joined Juventus from Boca Juniors in 2017/18 for €23.5M.,"{""from"": ""Boca Juniors"", ""to"": ""Juventus"", ""season"": ""17/18"", ""fee"": 23500000.0}",boca-juniors.webp,juventus.webp,4
transfer,medium,Alex Oxlade-Chamberlain,One player made this move in 2017/18. Who?,Alex Oxlade-Chamberlain joined Liverpool from Arsenal in 2017/18 for €38M.,"{""from"": ""Arsenal"", ""to"": ""Liverpool"", ""season"": ""17/18"", ""fee"": 38000000.0}",arsenal.webp,liverpool.webp,4
transfer,easy,Álvaro Morata,One player made this move in 2017/18. Who?,Álvaro Morata joined Chelsea from Real Madrid CF in 2017/18 for €66M.,"{""from"": ""Real Madrid"", ""to"": ""Chelsea"", ""season"": ""17/18"", ""fee"": 66000000.0}",real-madrid-cf.webp,chelsea.webp,9
transfer,hard,Konstantinos Tsimikas,One player made this move in 2020/21. Who?,Konstantinos Tsimikas joined Liverpool from Olympiacos in 2020/21 for €13M.,"{""from"": ""Olympiacos"", ""to"": ""Liverpool"", ""season"": ""20/21"", ""fee"": 13000000.0}",wl-olympiacos.png,liverpool.webp,4
transfer,hard,Lucas Beltrán,One player made this move in 2023/24. Who?,Lucas Beltrán joined Fiorentina from River Plate in 2023/24 for €19.7M.,"{""from"": ""River Plate"", ""to"": ""Fiorentina"", ""season"": ""23/24"", ""fee"": 19700000.0}",river-plate.webp,acf-fiorentina.webp,4
transfer,medium,Arkadiusz Milik,One player made this move in 2023/24. Who?,Arkadiusz Milik joined Juventus from Marseille in 2023/24 for €7.3M.,"{""from"": ""Marseille"", ""to"": ""Juventus"", ""season"": ""23/24"", ""fee"": 7300000.0}",wl-marseille.png,juventus.webp,5
transfer,medium,Bryan Cristante,One player made this move in 2014/15. Who?,Bryan Cristante joined Benfica from AC Milan in 2014/15 for €5.2M.,"{""from"": ""AC Milan"", ""to"": ""Benfica"", ""season"": ""14/15"", ""fee"": 5200000.0}",ac-milan.webp,sl-benfica.webp,4
transfer,medium,Ross Barkley,One player made this move in 2017/18. Who?,Ross Barkley joined Chelsea from Everton in 2017/18 for €16.8M.,"{""from"": ""Everton"", ""to"": ""Chelsea"", ""season"": ""17/18"", ""fee"": 16800000.0}",everton.webp,chelsea.webp,4
transfer,hard,Bas Dost,One player made this move in 2016/17. Who?,Bas Dost joined Sporting CP from VfL Wolfsburg in 2016/17 for €11.8M.,"{""from"": ""VfL Wolfsburg"", ""to"": ""Sporting CP"", ""season"": ""16/17"", ""fee"": 11850000.0}",wl-vfl-wolfsburg.png,sporting-cp.webp,5
transfer,medium,Mikel Merino,One player made this move in 2024/25. Who?,Mikel Merino joined Arsenal from Real Sociedad in 2024/25 for €32M.,"{""from"": ""Real Sociedad"", ""to"": ""Arsenal"", ""season"": ""24/25"", ""fee"": 32000000.0}",real-sociedad.webp,arsenal.webp,6
transfer,hard,Bas Dost,One player made this move in 2012/13. Who?,Bas Dost joined VfL Wolfsburg from Heerenveen in 2012/13 for €7M.,"{""from"": ""Heerenveen"", ""to"": ""VfL Wolfsburg"", ""season"": ""12/13"", ""fee"": 7000000.0}",sc-heerenveen.png,wl-vfl-wolfsburg.png,5
transfer,medium,Alex Iwobi,One player made this move in 2019/20. Who?,Alex Iwobi joined Everton from Arsenal in 2019/20 for €30.4M.,"{""from"": ""Arsenal"", ""to"": ""Everton"", ""season"": ""19/20"", ""fee"": 30400000.0}",arsenal.webp,everton.webp,4
transfer,medium,Nemanja Matić,One player made this move in 2013/14. Who?,Nemanja Matić joined Chelsea from Benfica in 2013/14 for €25M.,"{""from"": ""Benfica"", ""to"": ""Chelsea"", ""season"": ""13/14"", ""fee"": 25000000.0}",sl-benfica.webp,chelsea.webp,5
transfer,easy,Federico Chiesa,One player made this move in 2024/25. Who?,Federico Chiesa joined Liverpool from Juventus in 2024/25 for €12M.,"{""from"": ""Juventus"", ""to"": ""Liverpool"", ""season"": ""24/25"", ""fee"": 12000000.0}",juventus.webp,liverpool.webp,5
transfer,medium,Rodrigo Muniz,One player made this move in 2021/22. Who?,Rodrigo Muniz joined Fulham from Flamengo in 2021/22 for €8M.,"{""from"": ""Flamengo"", ""to"": ""Fulham"", ""season"": ""21/22"", ""fee"": 8000000.0}",flamengo.webp,wl-fulham.png,4
transfer,medium,Eddie Nketiah,One player made this move in 2024/25. Who?,Eddie Nketiah joined Crystal Palace from Arsenal in 2024/25 for €29.7M.,"{""from"": ""Arsenal"", ""to"": ""Crystal Palace"", ""season"": ""24/25"", ""fee"": 29700000.0}",arsenal.webp,crystal-palace.png,4
transfer,medium,Carney Chukwuemeka,One player made this move in 2022/23. Who?,Carney Chukwuemeka joined Chelsea from Aston Villa in 2022/23 for €18M.,"{""from"": ""Aston Villa"", ""to"": ""Chelsea"", ""season"": ""22/23"", ""fee"": 18000000.0}",aston-villa.webp,chelsea.webp,5
transfer,easy,Sadio Mané,One player made this move in 2016/17. Who?,Sadio Mané joined Liverpool from Southampton in 2016/17 for €41.2M.,"{""from"": ""Southampton"", ""to"": ""Liverpool"", ""season"": ""16/17"", ""fee"": 41200000.0}",wl-southampton.png,liverpool.webp,4
transfer,hard,Ben Gannon-Doak,One player made this move in 2025/26. Who?,Ben Gannon-Doak joined Bournemouth from Liverpool in 2025/26 for €23.2M.,"{""from"": ""Liverpool"", ""to"": ""Bournemouth"", ""season"": ""25/26"", ""fee"": 23200000.0}",liverpool.webp,afc-bournemouth.png,4
transfer,hard,Maximilian Philipp,One player made this move in 2021/22. Who?,Maximilian Philipp joined Wolfsburg from Dynamo Moscow in 2021/22 for €7.5M.,"{""from"": ""Dynamo Moscow"", ""to"": ""Wolfsburg"", ""season"": ""21/22"", ""fee"": 7500000.0}",wl-dynamo-moscow.png,wl-vfl-wolfsburg.png,4
transfer,hard,Fredrik Aursnes,One player made this move in 2022/23. Who?,Fredrik Aursnes joined Benfica from Feyenoord in 2022/23 for €13M.,"{""from"": ""Feyenoord"", ""to"": ""Benfica"", ""season"": ""22/23"", ""fee"": 13000000.0}",feyenoord.webp,sl-benfica.webp,4
transfer,medium,Renato Veiga,One player made this move in 2024/25. Who?,Renato Veiga joined Chelsea from Basel in 2024/25 for €14M.,"{""from"": ""Basel"", ""to"": ""Chelsea"", ""season"": ""24/25"", ""fee"": 14000000.0}",wl-basel.png,chelsea.webp,4
transfer,easy,Dean Huijsen,One player made this move in 2024/25. Who?,Dean Huijsen joined Bournemouth from Juventus in 2024/25 for €22.1M.,"{""from"": ""Juventus"", ""to"": ""Bournemouth"", ""season"": ""24/25"", ""fee"": 22100000.0}",juventus.webp,afc-bournemouth.png,4
transfer,medium,Tyler Morton,One player made this move in 2025/26. Who?,Tyler Morton joined Lyon from Liverpool in 2025/26 for €10M.,"{""from"": ""Liverpool"", ""to"": ""Lyon"", ""season"": ""25/26"", ""fee"": 10000000.0}",liverpool.webp,olympique-lyonnais.webp,4
transfer,easy,Trent Alexander-Arnold,One player made this move in 2025/26. Who?,Trent Alexander-Arnold joined Real Madrid CF from Liverpool in 2025/26 for €10M.,"{""from"": ""Liverpool"", ""to"": ""Real Madrid"", ""season"": ""25/26"", ""fee"": 10000000.0}",liverpool.webp,real-madrid-cf.webp,9
transfer,hard,Germán Pezzella,One player made this move in 2018/19. Who?,Germán Pezzella joined Fiorentina from Real Betis in 2018/19 for €9.8M.,"{""from"": ""Real Betis"", ""to"": ""Fiorentina"", ""season"": ""18/19"", ""fee"": 9750000.0}",real-betis.webp,acf-fiorentina.webp,4
transfer,hard,Mariano Díaz,One player made this move in 2018/19. Who?,Mariano Díaz joined Real Madrid CF from Lyon in 2018/19 for €21.5M.,"{""from"": ""Lyon"", ""to"": ""Real Madrid"", ""season"": ""18/19"", ""fee"": 21500000.0}",olympique-lyonnais.webp,real-madrid-cf.webp,4
transfer,medium,Gabri Veiga,One player made this move in 2023/24. Who?,Gabri Veiga joined Al-Ahli from Celta de Vigo in 2023/24 for €30M.,"{""from"": ""Celta de Vigo"", ""to"": ""Al-Ahli"", ""season"": ""23/24"", ""fee"": 30000000.0}",celta-de-vigo.webp,wl-al-ahli.png,4
transfer,hard,Bertrand Traoré,One player made this move in 2017/18. Who?,Bertrand Traoré joined Lyon from Chelsea in 2017/18 for €10M.,"{""from"": ""Chelsea"", ""to"": ""Lyon"", ""season"": ""17/18"", ""fee"": 10000000.0}",chelsea.webp,olympique-lyonnais.webp,4
transfer,medium,Kevin Strootman,One player made this move in 2013/14. Who?,Kevin Strootman joined AS Roma from PSV Eindhoven in 2013/14 for €17.5M.,"{""from"": ""PSV Eindhoven"", ""to"": ""AS Roma"", ""season"": ""13/14"", ""fee"": 17500000.0}",psv-eindhoven.webp,as-roma.webp,4
transfer,hard,Lazar Markovic,One player made this move in 2014/15. Who?,Lazar Markovic joined Liverpool from Benfica in 2014/15 for €25M.,"{""from"": ""Benfica"", ""to"": ""Liverpool"", ""season"": ""14/15"", ""fee"": 25000000.0}",sl-benfica.webp,liverpool.webp,4
transfer,medium,Borja Iglesias,One player made this move in 2019/20. Who?,Borja Iglesias joined Real Betis from Espanyol in 2019/20 for €28M.,"{""from"": ""Espanyol"", ""to"": ""Real Betis"", ""season"": ""19/20"", ""fee"": 28000000.0}",rcd-espanyol.webp,real-betis.webp,4
transfer,medium,Marc Roca,One player made this move in 2020/21. Who?,Marc Roca joined FC Bayern Munich from Espanyol in 2020/21 for €9M.,"{""from"": ""Espanyol"", ""to"": ""Bayern Munich"", ""season"": ""20/21"", ""fee"": 9000000.0}",rcd-espanyol.webp,fc-bayern-munich.webp,4
transfer,medium,Kerem Aktürkoğlu,One player made this move in 2024/25. Who?,Kerem Aktürkoğlu joined Benfica from Galatasaray in 2024/25 for €13.1M.,"{""from"": ""Galatasaray"", ""to"": ""Benfica"", ""season"": ""24/25"", ""fee"": 13050000.0}",wl-galatasaray.png,sl-benfica.webp,4
transfer,hard,Cameron Archer,One player made this move in 2024/25. Who?,Cameron Archer joined Southampton from Aston Villa in 2024/25 for €17.6M.,"{""from"": ""Aston Villa"", ""to"": ""Southampton"", ""season"": ""24/25"", ""fee"": 17600000.0}",aston-villa.webp,wl-southampton.png,4
transfer,easy,Federico Chiesa,One player made this move in 2022/23. Who?,Federico Chiesa joined Juventus from Fiorentina in 2022/23 for €44.6M.,"{""from"": ""Fiorentina"", ""to"": ""Juventus"", ""season"": ""22/23"", ""fee"": 44600000.0}",acf-fiorentina.webp,juventus.webp,5
transfer,medium,Djordje Petrovic,One player made this move in 2025/26. Who?,Djordje Petrovic joined Bournemouth from Chelsea in 2025/26 for €28.9M.,"{""from"": ""Chelsea"", ""to"": ""Bournemouth"", ""season"": ""25/26"", ""fee"": 28900000.0}",chelsea.webp,afc-bournemouth.png,5
transfer,easy,Virgil van Dijk,One player made this move in 2017/18. Who?,Virgil van Dijk joined Liverpool from Southampton in 2017/18 for €84.7M.,"{""from"": ""Southampton"", ""to"": ""Liverpool"", ""season"": ""17/18"", ""fee"": 84650000.0}",wl-southampton.png,liverpool.webp,14
transfer,medium,Edon Zhegrova,One player made this move in 2021/22. Who?,Edon Zhegrova joined Lille from Basel in 2021/22 for €7M.,"{""from"": ""Basel"", ""to"": ""Lille"", ""season"": ""21/22"", ""fee"": 7000000.0}",wl-basel.png,losc-lille.webp,5
transfer,medium,Willian José,One player made this move in 2022/23. Who?,Willian José joined Real Betis from Real Sociedad in 2022/23 for €10M.,"{""from"": ""Real Sociedad"", ""to"": ""Real Betis"", ""season"": ""22/23"", ""fee"": 10000000.0}",real-sociedad.webp,real-betis.webp,3
transfer,medium,Dodi Lukébakio,One player made this move in 2023/24. Who?,Dodi Lukébakio joined Sevilla FC from Hertha BSC in 2023/24 for €10M.,"{""from"": ""Hertha BSC"", ""to"": ""Sevilla FC"", ""season"": ""23/24"", ""fee"": 10000000.0}",hertha-bsc.webp,sevilla-fc.webp,5
transfer,easy,Dean Huijsen,One player made this move in 2025/26. Who?,Dean Huijsen joined Real Madrid CF from Bournemouth in 2025/26 for €62.5M.,"{""from"": ""Bournemouth"", ""to"": ""Real Madrid"", ""season"": ""25/26"", ""fee"": 62500000.0}",afc-bournemouth.png,real-madrid-cf.webp,4
transfer,easy,Estêvão,One player made this move in 2025/26. Who?,Estêvão joined Chelsea from Palmeiras in 2025/26 for €45M.,"{""from"": ""Palmeiras"", ""to"": ""Chelsea"", ""season"": ""25/26"", ""fee"": 45000000.0}",wl-palmeiras.png,chelsea.webp,2
transfer,easy,Naby Keïta,One player made this move in 2018/19. Who?,Naby Keïta joined Liverpool from RB Leipzig in 2018/19 for €60M.,"{""from"": ""RB Leipzig"", ""to"": ""Liverpool"", ""season"": ""18/19"", ""fee"": 60000000.0}",wl-rb-leipzig.png,liverpool.webp,5
transfer,hard,Gedson Fernandes,One player made this move in 2025/26. Who?,Gedson Fernandes joined Spartak Moscow from Beşiktaş in 2025/26 for €20.8M.,"{""from"": ""Besiktas"", ""to"": ""Spartak Moscow"", ""season"": ""25/26"", ""fee"": 20780000.0}",wl-besiktas.png,wl-spartak-moscow.png,5
transfer,medium,Iñigo Martínez,One player made this move in 2017/18. Who?,Iñigo Martínez joined Athletic Club from Real Sociedad in 2017/18 for €32M.,"{""from"": ""Real Sociedad"", ""to"": ""Athletic Club"", ""season"": ""17/18"", ""fee"": 32000000.0}",real-sociedad.webp,athletic-club.webp,4
transfer,medium,Corentin Tolisso,One player made this move in 2017/18. Who?,Corentin Tolisso joined FC Bayern Munich from Lyon in 2017/18 for €41.5M.,"{""from"": ""Lyon"", ""to"": ""Bayern Munich"", ""season"": ""17/18"", ""fee"": 41500000.0}",olympique-lyonnais.webp,fc-bayern-munich.webp,5
transfer,medium,Mike Maignan,One player made this move in 2021/22. Who?,Mike Maignan joined AC Milan from Lille in 2021/22 for €16.4M.,"{""from"": ""Lille"", ""to"": ""AC Milan"", ""season"": ""21/22"", ""fee"": 16400000.0}",losc-lille.webp,ac-milan.webp,8
transfer,easy,Matthijs de Ligt,One player made this move in 2022/23. Who?,Matthijs de Ligt joined FC Bayern Munich from Juventus in 2022/23 for €67M.,"{""from"": ""Juventus"", ""to"": ""Bayern Munich"", ""season"": ""22/23"", ""fee"": 67000000.0}",juventus.webp,fc-bayern-munich.webp,13
transfer,medium,Suso,One player made this move in 2020/21. Who?,Suso joined Sevilla FC from AC Milan in 2020/21 for €21.7M.,"{""from"": ""AC Milan"", ""to"": ""Sevilla FC"", ""season"": ""20/21"", ""fee"": 21700000.0}",ac-milan.webp,sevilla-fc.webp,2
transfer,medium,Amadou Onana,One player made this move in 2021/22. Who?,Amadou Onana joined Lille from Hamburg in 2021/22 for €13.6M.,"{""from"": ""Hamburg"", ""to"": ""Lille"", ""season"": ""21/22"", ""fee"": 13570000.0}",hamburger-sv.webp,losc-lille.webp,6
transfer,medium,Kieran Tierney,One player made this move in 2019/20. Who?,Kieran Tierney joined Arsenal from Celtic in 2019/20 for €27M.,"{""from"": ""Celtic"", ""to"": ""Arsenal"", ""season"": ""19/20"", ""fee"": 27000000.0}",celtic.webp,arsenal.webp,4
transfer,medium,Bafodé Diakité,One player made this move in 2025/26. Who?,Bafodé Diakité joined Bournemouth from Lille in 2025/26 for €35M.,"{""from"": ""Lille"", ""to"": ""Bournemouth"", ""season"": ""25/26"", ""fee"": 35000000.0}",losc-lille.webp,afc-bournemouth.png,5
transfer,hard,Timothy Weah,One player made this move in 2026/27. Who?,Timothy Weah joined Marseille from Juventus in 2026/27 for €14.4M.,"{""from"": ""Juventus"", ""to"": ""Marseille"", ""season"": ""26/27"", ""fee"": 14400000.0}",juventus.webp,wl-marseille.png,6
transfer,medium,Maxence Caqueret,One player made this move in 2024/25. Who?,Maxence Caqueret joined Como from Lyon in 2024/25 for €15M.,"{""from"": ""Lyon"", ""to"": ""Como"", ""season"": ""24/25"", ""fee"": 15000000.0}",olympique-lyonnais.webp,wl-como.png,4
transfer,hard,Uğurcan Çakır,One player made this move in 2025/26. Who?,Uğurcan Çakır joined Galatasaray from Trabzonspor in 2025/26 for €27.5M.,"{""from"": ""Trabzonspor"", ""to"": ""Galatasaray"", ""season"": ""25/26"", ""fee"": 27500000.0}",wl-trabzonspor.png,wl-galatasaray.png,5
transfer,easy,Rayan,One player made this move in 2025/26. Who?,Rayan joined Bournemouth from Vasco da Gama in 2025/26 for €28.5M.,"{""from"": ""Vasco da Gama"", ""to"": ""Bournemouth"", ""season"": ""25/26"", ""fee"": 28500000.0}",wl-vasco-da-gama.png,afc-bournemouth.png,2
transfer,hard,Luiz Gustavo,One player made this move in 2013/14. Who?,Luiz Gustavo joined Wolfsburg from FC Bayern Munich in 2013/14 for €16M.,"{""from"": ""Bayern Munich"", ""to"": ""Wolfsburg"", ""season"": ""13/14"", ""fee"": 16000000.0}",fc-bayern-munich.webp,wl-vfl-wolfsburg.png,3
transfer,medium,Youssef En-Nesyri,One player made this move in 2025/26. Who?,Youssef En-Nesyri joined Al-Ittihad from Fenerbahçe in 2025/26 for €15M.,"{""from"": ""Fenerbahçe"", ""to"": ""Al-Ittihad"", ""season"": ""25/26"", ""fee"": 15000000.0}",wl-fenerbahce.png,wl-al-ittihad.png,5
transfer,medium,Mario Balotelli,One player made this move in 2014/15. Who?,Mario Balotelli joined Liverpool from AC Milan in 2014/15 for €20M.,"{""from"": ""AC Milan"", ""to"": ""Liverpool"", ""season"": ""14/15"", ""fee"": 20000000.0}",ac-milan.webp,liverpool.webp,8
transfer,medium,Amine Harit,One player made this move in 2023/24. Who?,Amine Harit joined Marseille from FC Schalke 04 in 2023/24 for €5M.,"{""from"": ""FC Schalke 04"", ""to"": ""Marseille"", ""season"": ""23/24"", ""fee"": 5000000.0}",fc-schalke-04.webp,wl-marseille.png,4
transfer,medium,Luis Muriel,One player made this move in 2015/16. Who?,Luis Muriel joined Sampdoria from Udinese in 2015/16 for €12M.,"{""from"": ""Udinese"", ""to"": ""Sampdoria"", ""season"": ""15/16"", ""fee"": 12000000.0}",wl-udinese.png,sampdoria.webp,4
transfer,hard,Lukas Podolski,One player made this move in 2012/13. Who?,Lukas Podolski joined Arsenal from 1. FC Köln in 2012/13 for €15M.,"{""from"": ""1.FC Köln"", ""to"": ""Arsenal"", ""season"": ""12/13"", ""fee"": 15000000.0}",1-fc-koln.webp,arsenal.webp,8
transfer,medium,Ferland Mendy,One player made this move in 2019/20. Who?,Ferland Mendy joined Real Madrid CF from Lyon in 2019/20 for €48M.,"{""from"": ""Lyon"", ""to"": ""Real Madrid"", ""season"": ""19/20"", ""fee"": 48000000.0}",olympique-lyonnais.webp,real-madrid-cf.webp,5
transfer,medium,Felipe,One player made this move in 2016/17. Who?,Felipe joined FC Porto from Corinthians in 2016/17 for €8.2M.,"{""from"": ""Corinthians"", ""to"": ""FC Porto"", ""season"": ""16/17"", ""fee"": 8200000.0}",corinthians.webp,fc-porto.webp,2
transfer,medium,Cédric Bakambu,One player made this move in 2023/24. Who?,Cédric Bakambu joined Real Betis from Galatasaray in 2023/24 for €5M.,"{""from"": ""Galatasaray"", ""to"": ""Real Betis"", ""season"": ""23/24"", ""fee"": 5000000.0}",wl-galatasaray.png,real-betis.webp,4
transfer,hard,Carlos Vinícius,One player made this move in 2022/23. Who?,Carlos Vinícius joined Fulham from Benfica in 2022/23 for €5M.,"{""from"": ""Benfica"", ""to"": ""Fulham"", ""season"": ""22/23"", ""fee"": 5000000.0}",sl-benfica.webp,wl-fulham.png,3
transfer,medium,Kerem Aktürkoğlu,One player made this move in 2025/26. Who?,Kerem Aktürkoğlu joined Fenerbahçe from Benfica in 2025/26 for €22.5M.,"{""from"": ""Benfica"", ""to"": ""Fenerbahçe"", ""season"": ""25/26"", ""fee"": 22500000.0}",sl-benfica.webp,wl-fenerbahce.png,4
transfer,hard,Gabriel Gudmundsson,One player made this move in 2021/22. Who?,Gabriel Gudmundsson joined Lille from Groningen in 2021/22 for €6M.,"{""from"": ""FC Groningen"", ""to"": ""Lille"", ""season"": ""21/22"", ""fee"": 6000000.0}",wl-groningen.png,losc-lille.webp,4
transfer,easy,Virgil van Dijk,One player made this move in 2015/16. Who?,Virgil van Dijk joined Southampton from Celtic in 2015/16 for €15.7M.,"{""from"": ""Celtic"", ""to"": ""Southampton"", ""season"": ""15/16"", ""fee"": 15700000.0}",celtic.webp,wl-southampton.png,14
transfer,easy,Nicolas Pépé,One player made this move in 2019/20. Who?,Nicolas Pépé joined Arsenal from Lille in 2019/20 for €80M.,"{""from"": ""Lille"", ""to"": ""Arsenal"", ""season"": ""19/20"", ""fee"": 80000000.0}",losc-lille.webp,arsenal.webp,5
transfer,medium,Éderson,One player made this move in 2021/22. Who?,Éderson joined Salernitana from Corinthians in 2021/22 for €6.5M.,"{""from"": ""Corinthians"", ""to"": ""Salernitana"", ""season"": ""21/22"", ""fee"": 6500000.0}",corinthians.webp,wl-salernitana.png,2
transfer,hard,Arthur Cabral,One player made this move in 2021/22. Who?,Arthur Cabral joined Fiorentina from Basel in 2021/22 for €15.5M.,"{""from"": ""Basel"", ""to"": ""Fiorentina"", ""season"": ""21/22"", ""fee"": 15500000.0}",wl-basel.png,acf-fiorentina.webp,4
transfer,easy,Jhon Durán,One player made this move in 2024/25. Who?,Jhon Durán joined Al Nassr from Aston Villa in 2024/25 for €77M.,"{""from"": ""Aston Villa"", ""to"": ""Al-Nassr"", ""season"": ""24/25"", ""fee"": 77000000.0}",aston-villa.webp,wl-al-nassr.png,4
transfer,easy,Theo Hernández,One player made this move in 2019/20. Who?,Theo Hernández joined AC Milan from Real Madrid CF in 2019/20 for €22.8M.,"{""from"": ""Real Madrid"", ""to"": ""AC Milan"", ""season"": ""19/20"", ""fee"": 22800000.0}",real-madrid-cf.webp,ac-milan.webp,7
transfer,hard,Mariano Díaz,One player made this move in 2017/18. Who?,Mariano Díaz joined Lyon from Real Madrid CF in 2017/18 for €8M.,"{""from"": ""Real Madrid"", ""to"": ""Lyon"", ""season"": ""17/18"", ""fee"": 8000000.0}",real-madrid-cf.webp,olympique-lyonnais.webp,4
transfer,medium,Alex Telles,One player made this move in 2013/14. Who?,Alex Telles joined Galatasaray from Grêmio in 2013/14 for €6.2M.,"{""from"": ""Grêmio"", ""to"": ""Galatasaray"", ""season"": ""13/14"", ""fee"": 6150000.0}",wl-gremio.png,wl-galatasaray.png,4
transfer,medium,Equi Fernández,One player made this move in 2024/25. Who?,Equi Fernández joined Al Qadsiah from Boca Juniors in 2024/25 for €18.7M.,"{""from"": ""Boca Juniors"", ""to"": ""Al-Qadsiah"", ""season"": ""24/25"", ""fee"": 18700000.0}",boca-juniors.webp,wl-al-qadsiah.png,5
transfer,medium,Lucas Torreira,One player made this move in 2022/23. Who?,Lucas Torreira joined Galatasaray from Arsenal in 2022/23 for €6M.,"{""from"": ""Arsenal"", ""to"": ""Galatasaray"", ""season"": ""22/23"", ""fee"": 6000000.0}",arsenal.webp,wl-galatasaray.png,4
transfer,hard,Michele Di Gregorio,One player made this move in 2025/26. Who?,Michele Di Gregorio joined Juventus from Monza in 2025/26 for €14.3M.,"{""from"": ""Monza"", ""to"": ""Juventus"", ""season"": ""25/26"", ""fee"": 14300000.0}",wl-monza.png,juventus.webp,5
transfer,medium,Gerson,One player made this move in 2021/22. Who?,Gerson joined Marseille from Flamengo in 2021/22 for €20.5M.,"{""from"": ""Flamengo"", ""to"": ""Marseille"", ""season"": ""21/22"", ""fee"": 20500000.0}",flamengo.webp,wl-marseille.png,5
transfer,medium,Johnny Cardoso,One player made this move in 2023/24. Who?,Johnny Cardoso joined Real Betis from Internacional in 2023/24 for €6M.,"{""from"": ""Internacional"", ""to"": ""Real Betis"", ""season"": ""23/24"", ""fee"": 6000000.0}",wl-internacional.png,real-betis.webp,4
transfer,medium,Mattia Caldara,One player made this move in 2016/17. Who?,Mattia Caldara joined Juventus from Atalanta BC in 2016/17 for €19M.,"{""from"": ""Atalanta BC"", ""to"": ""Juventus"", ""season"": ""16/17"", ""fee"": 19000000.0}",atalanta-bc.webp,juventus.webp,4
transfer,medium,Michy Batshuayi,One player made this move in 2016/17. Who?,Michy Batshuayi joined Chelsea from Marseille in 2016/17 for €39M.,"{""from"": ""Marseille"", ""to"": ""Chelsea"", ""season"": ""16/17"", ""fee"": 39000000.0}",wl-marseille.png,chelsea.webp,5
transfer,medium,Wojciech Szczesny,One player made this move in 2017/18. Who?,Wojciech Szczesny joined Juventus from Arsenal in 2017/18 for €18.4M.,"{""from"": ""Arsenal"", ""to"": ""Juventus"", ""season"": ""17/18"", ""fee"": 18400000.0}",arsenal.webp,juventus.webp,7
transfer,medium,Joachim Andersen,One player made this move in 2024/25. Who?,Joachim Andersen joined Fulham from Crystal Palace in 2024/25 for €29.5M.,"{""from"": ""Crystal Palace"", ""to"": ""Fulham"", ""season"": ""24/25"", ""fee"": 29500000.0}",crystal-palace.png,wl-fulham.png,5
transfer,hard,Yannick Bolasie,One player made this move in 2016/17. Who?,Yannick Bolasie joined Everton from Crystal Palace in 2016/17 for €28.9M.,"{""from"": ""Crystal Palace"", ""to"": ""Everton"", ""season"": ""16/17"", ""fee"": 28900000.0}",crystal-palace.png,everton.webp,4
transfer,medium,Joaquín Correa,One player made this move in 2016/17. Who?,Joaquín Correa joined Sevilla FC from Sampdoria in 2016/17 for €18.2M.,"{""from"": ""Sampdoria"", ""to"": ""Sevilla FC"", ""season"": ""16/17"", ""fee"": 18200000.0}",sampdoria.webp,sevilla-fc.webp,4
transfer,medium,Jordan Veretout,One player made this move in 2017/18. Who?,Jordan Veretout joined Fiorentina from Aston Villa in 2017/18 for €7M.,"{""from"": ""Aston Villa"", ""to"": ""Fiorentina"", ""season"": ""17/18"", ""fee"": 7000000.0}",aston-villa.webp,acf-fiorentina.webp,4
transfer,medium,Olivier Giroud,One player made this move in 2017/18. Who?,Olivier Giroud joined Chelsea from Arsenal in 2017/18 for €17M.,"{""from"": ""Arsenal"", ""to"": ""Chelsea"", ""season"": ""17/18"", ""fee"": 17000000.0}",arsenal.webp,chelsea.webp,10
transfer,medium,Renato Sanches,One player made this move in 2016/17. Who?,Renato Sanches joined FC Bayern Munich from Benfica in 2016/17 for €35M.,"{""from"": ""Benfica"", ""to"": ""Bayern Munich"", ""season"": ""16/17"", ""fee"": 35000000.0}",sl-benfica.webp,fc-bayern-munich.webp,4
transfer,medium,Emiliano Martínez,One player made this move in 2020/21. Who?,Emiliano Martínez joined Aston Villa from Arsenal in 2020/21 for €17.4M.,"{""from"": ""Arsenal"", ""to"": ""Aston Villa"", ""season"": ""20/21"", ""fee"": 17400000.0}",arsenal.webp,aston-villa.webp,3
transfer,easy,Aymeric Laporte,One player made this move in 2025/26. Who?,Aymeric Laporte joined Athletic Club from Al Nassr in 2025/26 for €10M.,"{""from"": ""Al-Nassr"", ""to"": ""Athletic Club"", ""season"": ""25/26"", ""fee"": 10000000.0}",wl-al-nassr.png,athletic-club.webp,5
transfer,hard,Demarai Gray,One player made this move in 2023/24. Who?,Demarai Gray joined Al-Ettifaq from Everton in 2023/24 for €9.3M.,"{""from"": ""Everton"", ""to"": ""Al-Ettifaq"", ""season"": ""23/24"", ""fee"": 9300000.0}",everton.webp,wl-al-ettifaq.png,5
transfer,medium,Malick Thiaw,One player made this move in 2022/23. Who?,Malick Thiaw joined AC Milan from FC Schalke 04 in 2022/23 for €12.8M.,"{""from"": ""FC Schalke 04"", ""to"": ""AC Milan"", ""season"": ""22/23"", ""fee"": 12800000.0}",fc-schalke-04.webp,ac-milan.webp,4
transfer,medium,Reinier,One player made this move in 2019/20. Who?,Reinier joined Real Madrid CF from Flamengo in 2019/20 for €30M.,"{""from"": ""Flamengo"", ""to"": ""Real Madrid"", ""season"": ""19/20"", ""fee"": 30000000.0}",flamengo.webp,real-madrid-cf.webp,2
transfer,hard,Álex Moreno,One player made this move in 2019/20. Who?,Álex Moreno joined Real Betis from Rayo Vallecano in 2019/20 for €9.7M.,"{""from"": ""Rayo Vallecano"", ""to"": ""Real Betis"", ""season"": ""19/20"", ""fee"": 9700000.0}",wl-rayo-vallecano.png,real-betis.webp,4
transfer,medium,Mattia Caldara,One player made this move in 2018/19. Who?,Mattia Caldara joined AC Milan from Juventus in 2018/19 for €37.7M.,"{""from"": ""Juventus"", ""to"": ""AC Milan"", ""season"": ""18/19"", ""fee"": 37740000.0}",juventus.webp,ac-milan.webp,4
transfer,easy,Martín Zubimendi,One player made this move in 2025/26. Who?,Martín Zubimendi joined Arsenal from Real Sociedad in 2025/26 for €70M.,"{""from"": ""Real Sociedad"", ""to"": ""Arsenal"", ""season"": ""25/26"", ""fee"": 70000000.0}",real-sociedad.webp,arsenal.webp,4
transfer,hard,Gedson Fernandes,One player made this move in 2022/23. Who?,Gedson Fernandes joined Beşiktaş from Benfica in 2022/23 for €16M.,"{""from"": ""Benfica"", ""to"": ""Besiktas"", ""season"": ""22/23"", ""fee"": 16000000.0}",sl-benfica.webp,wl-besiktas.png,5
transfer,medium,Tyrone Mings,One player made this move in 2019/20. Who?,Tyrone Mings joined Aston Villa from Bournemouth in 2019/20 for €22.3M.,"{""from"": ""Bournemouth"", ""to"": ""Aston Villa"", ""season"": ""19/20"", ""fee"": 22300000.0}",afc-bournemouth.png,aston-villa.webp,5
transfer,medium,Michael Kayode,One player made this move in 2025/26. Who?,Michael Kayode joined Brentford from Fiorentina in 2025/26 for €17.5M.,"{""from"": ""Fiorentina"", ""to"": ""Brentford"", ""season"": ""25/26"", ""fee"": 17500000.0}",acf-fiorentina.webp,wl-brentford.png,4
transfer,medium,Borja Iglesias,One player made this move in 2018/19. Who?,Borja Iglesias joined Espanyol from Celta de Vigo in 2018/19 for €10M.,"{""from"": ""Celta de Vigo"", ""to"": ""Espanyol"", ""season"": ""18/19"", ""fee"": 10000000.0}",celta-de-vigo.webp,rcd-espanyol.webp,4
transfer,medium,Emerson Royal,One player made this move in 2025/26. Who?,Emerson Royal joined Flamengo from AC Milan in 2025/26 for €9M.,"{""from"": ""AC Milan"", ""to"": ""Flamengo"", ""season"": ""25/26"", ""fee"": 9000000.0}",ac-milan.webp,flamengo.webp,4
transfer,medium,Beto,One player made this move in 2023/24. Who?,Beto joined Everton from Udinese in 2023/24 for €25M.,"{""from"": ""Udinese"", ""to"": ""Everton"", ""season"": ""23/24"", ""fee"": 25000000.0}",wl-udinese.png,everton.webp,2
transfer,easy,Serge Gnabry,One player made this move in 2016/17. Who?,Serge Gnabry joined Werder Bremen from Arsenal in 2016/17 for €5M.,"{""from"": ""Arsenal"", ""to"": ""Werder Bremen"", ""season"": ""16/17"", ""fee"": 5000000.0}",arsenal.webp,werder-bremen.webp,8
transfer,medium,Alex Iwobi,One player made this move in 2023/24. Who?,Alex Iwobi joined Fulham from Everton in 2023/24 for €25.7M.,"{""from"": ""Everton"", ""to"": ""Fulham"", ""season"": ""23/24"", ""fee"": 25700000.0}",everton.webp,wl-fulham.png,4
transfer,medium,Daniel Muñoz,One player made this move in 2023/24. Who?,Daniel Muñoz joined Crystal Palace from Genk in 2023/24 for €8M.,"{""from"": ""Genk"", ""to"": ""Crystal Palace"", ""season"": ""23/24"", ""fee"": 8000000.0}",wl-genk.png,crystal-palace.png,4
transfer,medium,Morgan Sanson,One player made this move in 2020/21. Who?,Morgan Sanson joined Aston Villa from Marseille in 2020/21 for €15.8M.,"{""from"": ""Marseille"", ""to"": ""Aston Villa"", ""season"": ""20/21"", ""fee"": 15800000.0}",wl-marseille.png,aston-villa.webp,4
transfer,hard,Giacomo Bonaventura,One player made this move in 2014/15. Who?,Giacomo Bonaventura joined AC Milan from Atalanta BC in 2014/15 for €5.3M.,"{""from"": ""Atalanta BC"", ""to"": ""AC Milan"", ""season"": ""14/15"", ""fee"": 5300000.0}",atalanta-bc.webp,ac-milan.webp,5
transfer,medium,Adrien Rabiot,One player made this move in 2025/26. Who?,Adrien Rabiot joined AC Milan from Marseille in 2025/26 for €7M.,"{""from"": ""Marseille"", ""to"": ""AC Milan"", ""season"": ""25/26"", ""fee"": 7000000.0}",wl-marseille.png,ac-milan.webp,6
transfer,medium,Juan Cuadrado,One player made this move in 2017/18. Who?,Juan Cuadrado joined Juventus from Chelsea in 2017/18 for €20M.,"{""from"": ""Chelsea"", ""to"": ""Juventus"", ""season"": ""17/18"", ""fee"": 20000000.0}",chelsea.webp,juventus.webp,4
transfer,easy,João Palhinha,One player made this move in 2024/25. Who?,João Palhinha joined FC Bayern Munich from Fulham in 2024/25 for €51M.,"{""from"": ""Fulham"", ""to"": ""Bayern Munich"", ""season"": ""24/25"", ""fee"": 51000000.0}",wl-fulham.png,fc-bayern-munich.webp,7
transfer,medium,Dango Ouattara,One player made this move in 2025/26. Who?,Dango Ouattara joined Brentford from Bournemouth in 2025/26 for €42.8M.,"{""from"": ""Bournemouth"", ""to"": ""Brentford"", ""season"": ""25/26"", ""fee"": 42800000.0}",afc-bournemouth.png,wl-brentford.png,5
transfer,medium,Moussa Dembélé,One player made this move in 2018/19. Who?,Moussa Dembélé joined Lyon from Celtic in 2018/19 for €22M.,"{""from"": ""Celtic"", ""to"": ""Lyon"", ""season"": ""18/19"", ""fee"": 22000000.0}",celtic.webp,olympique-lyonnais.webp,4
transfer,medium,Iago Aspas,One player made this move in 2015/16. Who?,Iago Aspas joined Sevilla FC from Liverpool in 2015/16 for €6M.,"{""from"": ""Liverpool"", ""to"": ""Sevilla FC"", ""season"": ""15/16"", ""fee"": 6000000.0}",liverpool.webp,sevilla-fc.webp,5
transfer,hard,Papu Gómez,One player made this move in 2020/21. Who?,Papu Gómez joined Sevilla FC from Atalanta BC in 2020/21 for €6.4M.,"{""from"": ""Atalanta BC"", ""to"": ""Sevilla FC"", ""season"": ""20/21"", ""fee"": 6400000.0}",atalanta-bc.webp,sevilla-fc.webp,4
transfer,easy,Romelu Lukaku,One player made this move in 2014/15. Who?,Romelu Lukaku joined Everton from Chelsea in 2014/15 for €35.4M.,"{""from"": ""Chelsea"", ""to"": ""Everton"", ""season"": ""14/15"", ""fee"": 35360000.0}",chelsea.webp,everton.webp,8
transfer,easy,Thiago Alcántara,One player made this move in 2020/21. Who?,Thiago Alcántara joined Liverpool from FC Bayern Munich in 2020/21 for €22M.,"{""from"": ""Bayern Munich"", ""to"": ""Liverpool"", ""season"": ""20/21"", ""fee"": 22000000.0}",fc-bayern-munich.webp,liverpool.webp,5
transfer,hard,Fran Beltrán,One player made this move in 2018/19. Who?,Fran Beltrán joined Celta de Vigo from Rayo Vallecano in 2018/19 for €8M.,"{""from"": ""Rayo Vallecano"", ""to"": ""Celta de Vigo"", ""season"": ""18/19"", ""fee"": 8000000.0}",wl-rayo-vallecano.png,celta-de-vigo.webp,4
transfer,easy,Marc Guéhi,One player made this move in 2021/22. Who?,Marc Guéhi joined Crystal Palace from Chelsea in 2021/22 for €23.3M.,"{""from"": ""Chelsea"", ""to"": ""Crystal Palace"", ""season"": ""21/22"", ""fee"": 23340000.0}",chelsea.webp,crystal-palace.png,7
transfer,medium,Franco Mastantuono,One player made this move in 2025/26. Who?,Franco Mastantuono joined Real Madrid CF from River Plate in 2025/26 for €45M.,"{""from"": ""River Plate"", ""to"": ""Real Madrid"", ""season"": ""25/26"", ""fee"": 45000000.0}",river-plate.webp,real-madrid-cf.webp,4
transfer,hard,Hamza Igamane,One player made this move in 2025/26. Who?,Hamza Igamane joined Lille from Rangers in 2025/26 for €11.5M.,"{""from"": ""Rangers"", ""to"": ""Lille"", ""season"": ""25/26"", ""fee"": 11500000.0}",rangers.webp,losc-lille.webp,4
transfer,easy,James Rodríguez,One player made this move in 2021/22. Who?,James Rodríguez joined Al-Rayyan from Everton in 2021/22 for €8M.,"{""from"": ""Everton"", ""to"": ""Al-Rayyan"", ""season"": ""21/22"", ""fee"": 8000000.0}",everton.webp,wl-al-rayyan.png,8
transfer,hard,Jaka Bijol,One player made this move in 2022/23. Who?,Jaka Bijol joined Udinese from CSKA Moscow in 2022/23 for €5.8M.,"{""from"": ""CSKA Moscow"", ""to"": ""Udinese"", ""season"": ""22/23"", ""fee"": 5760000.0}",cska-moscow.png,wl-udinese.png,5
transfer,hard,Giannelli Imbula,One player made this move in 2015/16. Who?,Giannelli Imbula joined FC Porto from Marseille in 2015/16 for €20M.,"{""from"": ""Marseille"", ""to"": ""FC Porto"", ""season"": ""15/16"", ""fee"": 20000000.0}",wl-marseille.png,fc-porto.webp,5
transfer,easy,Moussa Diaby,One player made this move in 2024/25. Who?,Moussa Diaby joined Al-Ittihad from Aston Villa in 2024/25 for €60M.,"{""from"": ""Aston Villa"", ""to"": ""Al-Ittihad"", ""season"": ""24/25"", ""fee"": 60000000.0}",aston-villa.webp,wl-al-ittihad.png,4
transfer,medium,Jan Bednarek,One player made this move in 2017/18. Who?,Jan Bednarek joined Southampton from Lech Poznań in 2017/18 for €6M.,"{""from"": ""Lech Poznan"", ""to"": ""Southampton"", ""season"": ""17/18"", ""fee"": 6000000.0}",wl-lech-poznan.png,wl-southampton.png,4
transfer,medium,Evann Guessand,One player made this move in 2025/26. Who?,Evann Guessand joined Aston Villa from Nice in 2025/26 for €30M.,"{""from"": ""Nice"", ""to"": ""Aston Villa"", ""season"": ""25/26"", ""fee"": 30000000.0}",ogc-nice.webp,aston-villa.webp,5
transfer,medium,Mikkel Damsgaard,One player made this move in 2022/23. Who?,Mikkel Damsgaard joined Brentford from Sampdoria in 2022/23 for €15M.,"{""from"": ""Sampdoria"", ""to"": ""Brentford"", ""season"": ""22/23"", ""fee"": 15000000.0}",sampdoria.webp,wl-brentford.png,5
transfer,easy,Endrick,One player made this move in 2024/25. Who?,Endrick joined Real Madrid CF from Palmeiras in 2024/25 for €47.5M.,"{""from"": ""Palmeiras"", ""to"": ""Real Madrid"", ""season"": ""24/25"", ""fee"": 47500000.0}",wl-palmeiras.png,real-madrid-cf.webp,2
transfer,medium,Suat Serdar,One player made this move in 2021/22. Who?,Suat Serdar joined Hertha BSC from FC Schalke 04 in 2021/22 for €8M.,"{""from"": ""FC Schalke 04"", ""to"": ""Hertha BSC"", ""season"": ""21/22"", ""fee"": 8000000.0}",fc-schalke-04.webp,hertha-bsc.webp,5
transfer,easy,João Félix,One player made this move in 2025/26. Who?,João Félix joined Al Nassr from Chelsea in 2025/26 for €35M.,"{""from"": ""Chelsea"", ""to"": ""Al-Nassr"", ""season"": ""25/26"", ""fee"": 35000000.0}",chelsea.webp,wl-al-nassr.png,4
transfer,hard,Arsen Zakharyan,One player made this move in 2023/24. Who?,Arsen Zakharyan joined Real Sociedad from Dynamo Moscow in 2023/24 for €13M.,"{""from"": ""Dynamo Moscow"", ""to"": ""Real Sociedad"", ""season"": ""23/24"", ""fee"": 13000000.0}",wl-dynamo-moscow.png,real-sociedad.webp,5
transfer,medium,Chris Richards,One player made this move in 2022/23. Who?,Chris Richards joined Crystal Palace from FC Bayern Munich in 2022/23 for €12M.,"{""from"": ""Bayern Munich"", ""to"": ""Crystal Palace"", ""season"": ""22/23"", ""fee"": 12000000.0}",fc-bayern-munich.webp,crystal-palace.png,4
transfer,medium,Aaron Ramsdale,One player made this move in 2024/25. Who?,Aaron Ramsdale joined Southampton from Arsenal in 2024/25 for €21.4M.,"{""from"": ""Arsenal"", ""to"": ""Southampton"", ""season"": ""24/25"", ""fee"": 21400000.0}",arsenal.webp,wl-southampton.png,4
transfer,easy,Toni Kroos,One player made this move in 2014/15. Who?,Toni Kroos joined Real Madrid CF from FC Bayern Munich in 2014/15 for €25M.,"{""from"": ""Bayern Munich"", ""to"": ""Real Madrid"", ""season"": ""14/15"", ""fee"": 25000000.0}",fc-bayern-munich.webp,real-madrid-cf.webp,13
transfer,medium,Khéphren Thuram,One player made this move in 2024/25. Who?,Khéphren Thuram joined Juventus from Nice in 2024/25 for €20.6M.,"{""from"": ""Nice"", ""to"": ""Juventus"", ""season"": ""24/25"", ""fee"": 20600000.0}",ogc-nice.webp,juventus.webp,5
transfer,easy,Darwin Núñez,One player made this move in 2022/23. Who?,Darwin Núñez joined Liverpool from Benfica in 2022/23 for €85M.,"{""from"": ""Benfica"", ""to"": ""Liverpool"", ""season"": ""22/23"", ""fee"": 85000000.0}",sl-benfica.webp,liverpool.webp,5
transfer,easy,Douglas Luiz,One player made this move in 2024/25. Who?,Douglas Luiz joined Juventus from Aston Villa in 2024/25 for €51.5M.,"{""from"": ""Aston Villa"", ""to"": ""Juventus"", ""season"": ""24/25"", ""fee"": 51500000.0}",aston-villa.webp,juventus.webp,3
transfer,medium,Everton,One player made this move in 2020/21. Who?,Everton joined Benfica from Grêmio in 2020/21 for €20M.,"{""from"": ""Grêmio"", ""to"": ""Benfica"", ""season"": ""20/21"", ""fee"": 20000000.0}",wl-gremio.png,sl-benfica.webp,2
transfer,medium,Mateo Kovacic,One player made this move in 2019/20. Who?,Mateo Kovacic joined Chelsea from Real Madrid CF in 2019/20 for €45M.,"{""from"": ""Real Madrid"", ""to"": ""Chelsea"", ""season"": ""19/20"", ""fee"": 45000000.0}",real-madrid-cf.webp,chelsea.webp,4
transfer,medium,Moise Kean,One player made this move in 2023/24. Who?,Moise Kean joined Juventus from Everton in 2023/24 for €30M.,"{""from"": ""Everton"", ""to"": ""Juventus"", ""season"": ""23/24"", ""fee"": 30000000.0}",everton.webp,juventus.webp,4
transfer,medium,Weston McKennie,One player made this move in 2021/22. Who?,Weston McKennie joined Juventus from FC Schalke 04 in 2021/22 for €21.9M.,"{""from"": ""FC Schalke 04"", ""to"": ""Juventus"", ""season"": ""21/22"", ""fee"": 21900000.0}",fc-schalke-04.webp,juventus.webp,5
transfer,medium,Ricardo Rodríguez,One player made this move in 2017/18. Who?,Ricardo Rodríguez joined AC Milan from Wolfsburg in 2017/18 for €15M.,"{""from"": ""Wolfsburg"", ""to"": ""AC Milan"", ""season"": ""17/18"", ""fee"": 15000000.0}",wl-vfl-wolfsburg.png,ac-milan.webp,4
transfer,easy,Álvaro Carreras,One player made this move in 2025/26. Who?,Álvaro Carreras joined Real Madrid CF from Benfica in 2025/26 for €50M.,"{""from"": ""Benfica"", ""to"": ""Real Madrid"", ""season"": ""25/26"", ""fee"": 50000000.0}",sl-benfica.webp,real-madrid-cf.webp,4
transfer,medium,Raúl de Tomás,One player made this move in 2019/20. Who?,Raúl de Tomás joined Benfica from Real Madrid CF in 2019/20 for €20M.,"{""from"": ""Real Madrid"", ""to"": ""Benfica"", ""season"": ""19/20"", ""fee"": 20000000.0}",real-madrid-cf.webp,sl-benfica.webp,4
transfer,easy,Ollie Watkins,One player made this move in 2020/21. Who?,Ollie Watkins joined Aston Villa from Brentford in 2020/21 for €34M.,"{""from"": ""Brentford"", ""to"": ""Aston Villa"", ""season"": ""20/21"", ""fee"": 34000000.0}",wl-brentford.png,aston-villa.webp,9
transfer,hard,Luiz Gustavo,One player made this move in 2017/18. Who?,Luiz Gustavo joined Marseille from Wolfsburg in 2017/18 for €10M.,"{""from"": ""Wolfsburg"", ""to"": ""Marseille"", ""season"": ""17/18"", ""fee"": 10000000.0}",wl-vfl-wolfsburg.png,wl-marseille.png,3
transfer,medium,Brais Méndez,One player made this move in 2022/23. Who?,Brais Méndez joined Real Sociedad from Celta de Vigo in 2022/23 for €14M.,"{""from"": ""Celta de Vigo"", ""to"": ""Real Sociedad"", ""season"": ""22/23"", ""fee"": 14000000.0}",celta-de-vigo.webp,real-sociedad.webp,5
transfer,hard,Armel Bella-Kotchap,One player made this move in 2022/23. Who?,Armel Bella-Kotchap joined Southampton from VfL Bochum in 2022/23 for €12M.,"{""from"": ""VfL Bochum"", ""to"": ""Southampton"", ""season"": ""22/23"", ""fee"": 12000000.0}",wl-bochum.png,wl-southampton.png,5
transfer,hard,Jonas Urbig,One player made this move in 2024/25. Who?,Jonas Urbig joined FC Bayern Munich from 1. FC Köln in 2024/25 for €7M.,"{""from"": ""1.FC Köln"", ""to"": ""Bayern Munich"", ""season"": ""24/25"", ""fee"": 7000000.0}",1-fc-koln.webp,fc-bayern-munich.webp,4
transfer,easy,Lucas Paquetá,One player made this move in 2018/19. Who?,Lucas Paquetá joined AC Milan from Flamengo in 2018/19 for €38.4M.,"{""from"": ""Flamengo"", ""to"": ""AC Milan"", ""season"": ""18/19"", ""fee"": 38400000.0}",flamengo.webp,ac-milan.webp,4
transfer,easy,Mohamed Salah,One player made this move in 2013/14. Who?,Mohamed Salah joined Chelsea from Basel in 2013/14 for €16.5M.,"{""from"": ""Basel"", ""to"": ""Chelsea"", ""season"": ""13/14"", ""fee"": 16500000.0}",wl-basel.png,chelsea.webp,9
